PROFIL,R51 Breite,R52 Stärke,R60,R61,R20,R40,R41,,,
PR_001,3,0.8,0.00,3.57, ,0.40,0.23,,,
PR_001,3,0.9,0.00,3.22, ,0.40,0.31,,,
PR_001,3,1.0,0.00,2.93, ,0.40,0.39,,,
PR_001,3,1.1,0.00,2.71, ,0.40,0.47,,,
PR_001,3,1.2,0.00,2.52, ,0.40,0.55,,,
PR_001,3,1.3,0.00,2.37, ,0.40,0.63,,,
PR_001,3,1.4,0.00,2.24, ,0.40,0.71,,,
PR_001,3,1.5,0.00,2.13, ,0.40,0.79,,,
PR_001,3,1.6,0.00,2.03, ,0.40,0.87,,,
PR_001,3,1.7,0.00,1.95, ,0.40,0.95,,,
PR_001,3,1.8,0.00,1.89, ,0.40,1.03,,,
PR_001,3,1.9,0.00,1.83, ,0.40,1.11,,,
PR_001,3,2.0,0.00,1.78, ,0.40,1.19,,,
PR_001,3,2.1,0.00,1.73, ,0.40,1.27,,,
PR_001,3,2.2,0.00,1.69, ,0.40,1.35,,,
PR_001,3,2.3,0.00,1.66, ,0.40,1.43,,,
PR_001,3,2.4,0.00,1.63, ,0.40,1.50,,,
PR_001,3,2.5,0.00,1.61, ,0.40,1.58,,,
PR_001,3,2.6,0.00,1.59, ,0.40,1.66,,,
PR_001,3,2.7,0.00,1.57, ,0.40,1.74,,,
PR_001,3,2.8,0.00,1.55, ,0.40,1.82,,,
PR_001,3,2.9,0.00,1.54, ,0.40,1.90,,,
PR_001,3,3.0,0.00,1.53, ,0.40,1.98,,,
PR_001,3,3.1,0.00,1.52, ,0.40,2.06,,,
PR_001,3.5,0.8,0.00,4.80, ,0.40,0.23,,,
PR_001,3.5,0.9,0.00,4.31, ,0.40,0.31,,,
PR_001,3.5,1.0,0.00,3.92, ,0.40,0.39,,,
PR_001,3.5,1.1,0.00,3.60, ,0.40,0.47,,,
PR_001,3.5,1.2,0.00,3.34, ,0.40,0.55,,,
PR_001,3.5,1.3,0.00,3.12, ,0.40,0.63,,,
PR_001,3.5,1.4,0.00,2.94, ,0.40,0.71,,,
PR_001,3.5,1.5,0.00,2.78, ,0.40,0.79,,,
PR_001,3.5,1.6,0.00,2.65, ,0.40,0.87,,,
PR_001,3.5,1.7,0.00,2.53, ,0.40,0.95,,,
PR_001,3.5,1.8,0.00,2.43, ,0.40,1.03,,,
PR_001,3.5,1.9,0.00,2.35, ,0.40,1.11,,,
PR_001,3.5,2.0,0.00,2.27, ,0.40,1.19,,,
PR_001,3.5,2.1,0.00,2.20, ,0.40,1.27,,,
PR_001,3.5,2.2,0.00,2.14, ,0.40,1.35,,,
PR_001,3.5,2.3,0.00,2.09, ,0.40,1.43,,,
PR_001,3.5,2.4,0.00,2.04, ,0.40,1.50,,,
PR_001,3.5,2.5,0.00,2.00, ,0.40,1.58,,,
PR_001,3.5,2.6,0.00,1.96, ,0.40,1.66,,,
PR_001,3.5,2.7,0.00,1.93, ,0.40,1.74,,,
PR_001,3.5,2.8,0.00,1.90, ,0.40,1.82,,,
PR_001,3.5,2.9,0.00,1.88, ,0.40,1.90,,,
PR_001,3.5,3.0,0.00,1.86, ,0.40,1.98,,,
PR_001,3.5,3.1,0.00,1.84, ,0.40,2.06,,,
PR_001,4,0.8,0.00,6.22, ,0.40,0.23,,,
PR_001,4,0.9,0.00,5.57, ,0.45,0.26,,,
PR_001,4,1.0,0.00,5.05, ,0.50,0.29,,,
PR_001,4,1.1,0.00,4.63, ,0.50,0.37,,,
PR_001,4,1.2,0.00,4.29, ,0.50,0.45,,,
PR_001,4,1.3,0.00,4.00, ,0.50,0.53,,,
PR_001,4,1.4,0.00,3.75, ,0.50,0.61,,,
PR_001,4,1.5,0.00,3.54, ,0.50,0.69,,,
PR_001,4,1.6,0.00,3.36, ,0.50,0.77,,,
PR_001,4,1.7,0.00,3.20, ,0.50,0.85,,,
PR_001,4,1.8,0.00,3.06, ,0.50,0.93,,,
PR_001,4,1.9,0.00,2.94, ,0.50,1.01,,,
PR_001,4,2.0,0.00,2.84, ,0.50,1.09,,,
PR_001,4,2.1,0.00,2.74, ,0.50,1.17,,,
PR_001,4,2.2,0.00,2.66, ,0.50,1.25,,,
PR_001,4,2.3,0.00,2.58, ,0.50,1.33,,,
PR_001,4,2.4,0.00,2.52, ,0.50,1.40,,,
PR_001,4,2.5,0.00,2.45, ,0.50,1.48,,,
PR_001,4,2.6,0.00,2.40, ,0.50,1.56,,,
PR_001,4,2.7,0.00,2.35, ,0.50,1.64,,,
PR_001,4,2.8,0.00,2.31, ,0.50,1.72,,,
PR_001,4,2.9,0.00,2.27, ,0.50,1.80,,,
PR_001,4,3.0,0.00,2.23, ,0.50,1.88,,,
PR_001,4,3.1,0.00,2.20, ,0.50,1.96,,,
PR_001,4.5,0.8,0.00,7.83, ,0.40,0.23,,,
PR_001,4.5,0.9,0.00,7.00, ,0.45,0.26,,,
PR_001,4.5,1.0,0.00,6.34, ,0.50,0.29,,,
PR_001,4.5,1.1,0.00,5.80, ,0.50,0.37,,,
PR_001,4.5,1.2,0.00,5.36, ,0.50,0.45,,,
PR_001,4.5,1.3,0.00,4.99, ,0.50,0.53,,,
PR_001,4.5,1.4,0.00,4.67, ,0.50,0.61,,,
PR_001,4.5,1.5,0.00,4.40, ,0.50,0.69,,,
PR_001,4.5,1.6,0.00,4.16, ,0.50,0.77,,,
PR_001,4.5,1.7,0.00,3.96, ,0.50,0.85,,,
PR_001,4.5,1.8,0.00,3.78, ,0.50,0.93,,,
PR_001,4.5,1.9,0.00,3.62, ,0.50,1.01,,,
PR_001,4.5,2.0,0.00,3.48, ,0.50,1.09,,,
PR_001,4.5,2.1,0.00,3.35, ,0.50,1.17,,,
PR_001,4.5,2.2,0.00,3.24, ,0.50,1.25,,,
PR_001,4.5,2.3,0.00,3.14, ,0.50,1.33,,,
PR_001,4.5,2.4,0.00,3.05, ,0.50,1.40,,,
PR_001,4.5,2.5,0.00,2.97, ,0.50,1.48,,,
PR_001,4.5,2.6,0.00,2.90, ,0.50,1.56,,,
PR_001,4.5,2.7,0.00,2.83, ,0.50,1.64,,,
PR_001,4.5,2.8,0.00,2.77, ,0.50,1.72,,,
PR_001,4.5,2.9,0.00,2.71, ,0.50,1.80,,,
PR_001,4.5,3.0,0.00,2.66, ,0.50,1.88,,,
PR_001,4.5,3.1,0.00,2.62, ,0.50,1.96,,,
PR_001,5,0.8,0.00,9.63, ,0.40,0.23,,,
PR_001,5,0.9,0.00,8.60, ,0.45,0.26,,,
PR_001,5,1.0,0.00,7.78, ,0.50,0.29,,,
PR_001,5,1.1,0.00,7.11, ,0.55,0.32,,,
PR_001,5,1.2,0.00,6.56, ,0.60,0.35,,,
PR_001,5,1.3,0.00,6.10, ,0.60,0.43,,,
PR_001,5,1.4,0.00,5.70, ,0.60,0.51,,,
PR_001,5,1.5,0.00,5.36, ,0.60,0.59,,,
PR_001,5,1.6,0.00,5.06, ,0.60,0.67,,,
PR_001,5,1.7,0.00,4.81, ,0.60,0.75,,,
PR_001,5,1.8,0.00,4.58, ,0.60,0.83,,,
PR_001,5,1.9,0.00,4.38, ,0.60,0.91,,,
PR_001,5,2.0,0.00,4.20, ,0.60,0.99,,,
PR_001,5,2.1,0.00,4.04, ,0.60,1.07,,,
PR_001,5,2.2,0.00,3.90, ,0.60,1.15,,,
PR_001,5,2.3,0.00,3.77, ,0.60,1.23,,,
PR_001,5,2.4,0.00,3.65, ,0.60,1.30,,,
PR_001,5,2.5,0.00,3.55, ,0.60,1.38,,,
PR_001,5,2.6,0.00,3.45, ,0.60,1.46,,,
PR_001,5,2.7,0.00,3.36, ,0.60,1.54,,,
PR_001,5,2.8,0.00,3.28, ,0.60,1.62,,,
PR_001,5,2.9,0.00,3.21, ,0.60,1.70,,,
PR_001,5,3.0,0.00,3.14, ,0.60,1.78,,,
PR_001,5,3.1,0.00,3.08, ,0.60,1.86,,,
PR_001,5.5,0.8,0.00,11.62, ,0.40,0.23,,,
PR_001,5.5,0.9,0.00,10.37, ,0.45,0.26,,,
PR_001,5.5,1.0,0.00,9.37, ,0.50,0.29,,,
PR_001,5.5,1.1,0.00,8.56, ,0.55,0.32,,,
PR_001,5.5,1.2,0.00,7.89, ,0.60,0.35,,,
PR_001,5.5,1.3,0.00,7.32, ,0.60,0.43,,,
PR_001,5.5,1.4,0.00,6.84, ,0.60,0.51,,,
PR_001,5.5,1.5,0.00,6.42, ,0.60,0.59,,,
PR_001,5.5,1.6,0.00,6.06, ,0.60,0.67,,,
PR_001,5.5,1.7,0.00,5.74, ,0.60,0.75,,,
PR_001,5.5,1.8,0.00,5.46, ,0.60,0.83,,,
PR_001,5.5,1.9,0.00,5.22, ,0.60,0.91,,,
PR_001,5.5,2.0,0.00,5.00, ,0.60,0.99,,,
PR_001,5.5,2.1,0.00,4.80, ,0.60,1.07,,,
PR_001,5.5,2.2,0.00,4.62, ,0.60,1.15,,,
PR_001,5.5,2.3,0.00,4.46, ,0.60,1.23,,,
PR_001,5.5,2.4,0.00,4.31, ,0.60,1.30,,,
PR_001,5.5,2.5,0.00,4.18, ,0.60,1.38,,,
PR_001,5.5,2.6,0.00,4.06, ,0.60,1.46,,,
PR_001,5.5,2.7,0.00,3.95, ,0.60,1.54,,,
PR_001,5.5,2.8,0.00,3.85, ,0.60,1.62,,,
PR_001,5.5,2.9,0.00,3.76, ,0.60,1.70,,,
PR_001,5.5,3.0,0.00,3.67, ,0.60,1.78,,,
PR_001,5.5,3.1,0.00,3.60, ,0.60,1.86,,,
PR_001,6,0.8,0.00,13.80, ,0.40,0.23,,,
PR_001,6,0.9,0.00,12.31, ,0.45,0.26,,,
PR_001,6,1.0,0.00,11.11, ,0.50,0.29,,,
PR_001,6,1.1,0.00,10.14, ,0.55,0.32,,,
PR_001,6,1.2,0.00,9.34, ,0.60,0.35,,,
PR_001,6,1.3,0.00,8.66, ,0.65,0.38,,,
PR_001,6,1.4,0.00,8.08, ,0.70,0.41,,,
PR_001,6,1.5,0.00,7.58, ,0.70,0.49,,,
PR_001,6,1.6,0.00,7.15, ,0.70,0.57,,,
PR_001,6,1.7,0.00,6.77, ,0.70,0.65,,,
PR_001,6,1.8,0.00,6.43, ,0.70,0.73,,,
PR_001,6,1.9,0.00,6.13, ,0.70,0.81,,,
PR_001,6,2.0,0.00,5.87, ,0.70,0.89,,,
PR_001,6,2.1,0.00,5.63, ,0.70,0.97,,,
PR_001,6,2.2,0.00,5.41, ,0.70,1.05,,,
PR_001,6,2.3,0.00,5.22, ,0.70,1.13,,,
PR_001,6,2.4,0.00,5.04, ,0.70,1.20,,,
PR_001,6,2.5,0.00,4.88, ,0.70,1.28,,,
PR_001,6,2.6,0.00,4.73, ,0.70,1.36,,,
PR_001,6,2.7,0.00,4.60, ,0.70,1.44,,,
PR_001,6,2.8,0.00,4.47, ,0.70,1.52,,,
PR_001,6,2.9,0.00,4.36, ,0.70,1.60,,,
PR_001,6,3.0,0.00,4.25, ,0.70,1.68,,,
PR_001,6,3.1,0.00,4.16, ,0.70,1.76,,,
PR_001,6.5,0.8,0.00,16.17, ,0.40,0.23,,,
PR_001,6.5,0.9,0.00,14.41, ,0.45,0.26,,,
PR_001,6.5,1.0,0.00,13.01, ,0.50,0.29,,,
PR_001,6.5,1.1,0.00,11.86, ,0.55,0.32,,,
PR_001,6.5,1.2,0.00,10.92, ,0.60,0.35,,,
PR_001,6.5,1.3,0.00,10.12, ,0.65,0.38,,,
PR_001,6.5,1.4,0.00,9.43, ,0.70,0.41,,,
PR_001,6.5,1.5,0.00,8.84, ,0.70,0.49,,,
PR_001,6.5,1.6,0.00,8.33, ,0.70,0.57,,,
PR_001,6.5,1.7,0.00,7.88, ,0.70,0.65,,,
PR_001,6.5,1.8,0.00,7.48, ,0.70,0.73,,,
PR_001,6.5,1.9,0.00,7.13, ,0.70,0.81,,,
PR_001,6.5,2.0,0.00,6.81, ,0.70,0.89,,,
PR_001,6.5,2.1,0.00,6.53, ,0.70,0.97,,,
PR_001,6.5,2.2,0.00,6.27, ,0.70,1.05,,,
PR_001,6.5,2.3,0.00,6.04, ,0.70,1.13,,,
PR_001,6.5,2.4,0.00,5.83, ,0.70,1.20,,,
PR_001,6.5,2.5,0.00,5.64, ,0.70,1.28,,,
PR_001,6.5,2.6,0.00,5.46, ,0.70,1.36,,,
PR_001,6.5,2.7,0.00,5.30, ,0.70,1.44,,,
PR_001,6.5,2.8,0.00,5.15, ,0.70,1.52,,,
PR_001,6.5,2.9,0.00,5.01, ,0.70,1.60,,,
PR_001,6.5,3.0,0.00,4.89, ,0.70,1.68,,,
PR_001,6.5,3.1,0.00,4.77, ,0.70,1.76,,,
PR_001,7,0.8,0.00,18.72, ,0.40,0.23,,,
PR_001,7,0.9,0.00,16.68, ,0.45,0.26,,,
PR_001,7,1.0,0.00,15.05, ,0.50,0.29,,,
PR_001,7,1.1,0.00,13.72, ,0.55,0.32,,,
PR_001,7,1.2,0.00,12.62, ,0.60,0.35,,,
PR_001,7,1.3,0.00,11.69, ,0.65,0.38,,,
PR_001,7,1.4,0.00,10.89, ,0.70,0.41,,,
PR_001,7,1.5,0.00,10.21, ,0.75,0.44,,,
PR_001,7,1.6,0.00,9.61, ,0.80,0.47,,,
PR_001,7,1.7,0.00,9.08, ,0.80,0.55,,,
PR_001,7,1.8,0.00,8.62, ,0.80,0.63,,,
PR_001,7,1.9,0.00,8.21, ,0.80,0.71,,,
PR_001,7,2.0,0.00,7.84, ,0.80,0.79,,,
PR_001,7,2.1,0.00,7.50, ,0.80,0.87,,,
PR_001,7,2.2,0.00,7.20, ,0.80,0.95,,,
PR_001,7,2.3,0.00,6.93, ,0.80,1.03,,,
PR_001,7,2.4,0.00,6.68, ,0.80,1.10,,,
PR_001,7,2.5,0.00,6.45, ,0.80,1.18,,,
PR_001,7,2.6,0.00,6.25, ,0.80,1.26,,,
PR_001,7,2.7,0.00,6.06, ,0.80,1.34,,,
PR_001,7,2.8,0.00,5.88, ,0.80,1.42,,,
PR_001,7,2.9,0.00,5.72, ,0.80,1.50,,,
PR_001,7,3.0,0.00,5.57, ,0.80,1.58,,,
PR_001,7,3.1,0.00,5.43, ,0.80,1.66,,,
PR_001,7.5,0.8,0.00,21.47, ,0.40,0.23,,,
PR_001,7.5,0.9,0.00,19.12, ,0.45,0.26,,,
PR_001,7.5,1.0,0.00,17.25, ,0.50,0.29,,,
PR_001,7.5,1.1,0.00,15.72, ,0.55,0.32,,,
PR_001,7.5,1.2,0.00,14.45, ,0.60,0.35,,,
PR_001,7.5,1.3,0.00,13.38, ,0.65,0.38,,,
PR_001,7.5,1.4,0.00,12.46, ,0.70,0.41,,,
PR_001,7.5,1.5,0.00,11.67, ,0.75,0.44,,,
PR_001,7.5,1.6,0.00,10.98, ,0.80,0.47,,,
PR_001,7.5,1.7,0.00,10.38, ,0.80,0.55,,,
PR_001,7.5,1.8,0.00,9.84, ,0.80,0.63,,,
PR_001,7.5,1.9,0.00,9.36, ,0.80,0.71,,,
PR_001,7.5,2.0,0.00,8.93, ,0.80,0.79,,,
PR_001,7.5,2.1,0.00,8.55, ,0.80,0.87,,,
PR_001,7.5,2.2,0.00,8.20, ,0.80,0.95,,,
PR_001,7.5,2.3,0.00,7.88, ,0.80,1.03,,,
PR_001,7.5,2.4,0.00,7.60, ,0.80,1.10,,,
PR_001,7.5,2.5,0.00,7.33, ,0.80,1.18,,,
PR_001,7.5,2.6,0.00,7.09, ,0.80,1.26,,,
PR_001,7.5,2.7,0.00,6.87, ,0.80,1.34,,,
PR_001,7.5,2.8,0.00,6.66, ,0.80,1.42,,,
PR_001,7.5,2.9,0.00,6.48, ,0.80,1.50,,,
PR_001,7.5,3.0,0.00,6.30, ,0.80,1.58,,,
PR_001,7.5,3.1,0.00,6.14, ,0.80,1.66,,,
PR_001,8,0.8,0.00,24.40, ,0.40,0.23,,,
PR_001,8,0.9,0.00,21.73, ,0.45,0.26,,,
PR_001,8,1.0,0.00,19.60, ,0.50,0.29,,,
PR_001,8,1.1,0.00,17.86, ,0.55,0.32,,,
PR_001,8,1.2,0.00,16.41, ,0.60,0.35,,,
PR_001,8,1.3,0.00,15.18, ,0.65,0.38,,,
PR_001,8,1.4,0.00,14.14, ,0.70,0.41,,,
PR_001,8,1.5,0.00,13.24, ,0.75,0.44,,,
PR_001,8,1.6,0.00,12.45, ,0.80,0.47,,,
PR_001,8,1.7,0.00,11.76, ,0.85,0.50,,,
PR_001,8,1.8,0.00,11.14, ,0.90,0.53,,,
PR_001,8,1.9,0.00,10.60, ,0.90,0.61,,,
PR_001,8,2.0,0.00,10.11, ,0.90,0.69,,,
PR_001,8,2.1,0.00,9.67, ,0.90,0.77,,,
PR_001,8,2.2,0.00,9.27, ,0.90,0.85,,,
PR_001,8,2.3,0.00,8.91, ,0.90,0.93,,,
PR_001,8,2.4,0.00,8.57, ,0.90,1.00,,,
PR_001,8,2.5,0.00,8.27, ,0.90,1.08,,,
PR_001,8,2.6,0.00,7.99, ,0.90,1.16,,,
PR_001,8,2.7,0.00,7.74, ,0.90,1.24,,,
PR_001,8,2.8,0.00,7.50, ,0.90,1.32,,,
PR_001,8,2.9,0.00,7.29, ,0.90,1.40,,,
PR_001,8,3.0,0.00,7.08, ,0.90,1.48,,,
PR_001,8,3.1,0.00,6.89, ,0.90,1.56,,,
PR_001,8.5,0.8,0.00,27.53, ,0.40,0.23,,,
PR_001,8.5,0.9,0.00,24.51, ,0.45,0.26,,,
PR_001,8.5,1.0,0.00,22.10, ,0.50,0.29,,,
PR_001,8.5,1.1,0.00,20.13, ,0.55,0.32,,,
PR_001,8.5,1.2,0.00,18.49, ,0.60,0.35,,,
PR_001,8.5,1.3,0.00,17.11, ,0.65,0.38,,,
PR_001,8.5,1.4,0.00,15.93, ,0.70,0.41,,,
PR_001,8.5,1.5,0.00,14.90, ,0.75,0.44,,,
PR_001,8.5,1.6,0.00,14.01, ,0.80,0.47,,,
PR_001,8.5,1.7,0.00,13.23, ,0.85,0.50,,,
PR_001,8.5,1.8,0.00,12.53, ,0.90,0.53,,,
PR_001,8.5,1.9,0.00,11.91, ,0.90,0.61,,,
PR_001,8.5,2.0,0.00,11.36, ,0.90,0.69,,,
PR_001,8.5,2.1,0.00,10.86, ,0.90,0.77,,,
PR_001,8.5,2.2,0.00,10.40, ,0.90,0.85,,,
PR_001,8.5,2.3,0.00,9.99, ,0.90,0.93,,,
PR_001,8.5,2.4,0.00,9.62, ,0.90,1.00,,,
PR_001,8.5,2.5,0.00,9.27, ,0.90,1.08,,,
PR_001,8.5,2.6,0.00,8.96, ,0.90,1.16,,,
PR_001,8.5,2.7,0.00,8.66, ,0.90,1.24,,,
PR_001,8.5,2.8,0.00,8.40, ,0.90,1.32,,,
PR_001,8.5,2.9,0.00,8.15, ,0.90,1.40,,,
PR_001,8.5,3.0,0.00,7.92, ,0.90,1.48,,,
PR_001,8.5,3.1,0.00,7.70, ,0.90,1.56,,,
PR_001,9,0.8,0.00,30.84, ,0.40,0.23,,,
PR_001,9,0.9,0.00,27.46, ,0.45,0.26,,,
PR_001,9,1.0,0.00,24.75, ,0.50,0.29,,,
PR_001,9,1.1,0.00,22.54, ,0.55,0.32,,,
PR_001,9,1.2,0.00,20.70, ,0.60,0.35,,,
PR_001,9,1.3,0.00,19.15, ,0.65,0.38,,,
PR_001,9,1.4,0.00,17.82, ,0.70,0.41,,,
PR_001,9,1.5,0.00,16.67, ,0.75,0.44,,,
PR_001,9,1.6,0.00,15.67, ,0.80,0.47,,,
PR_001,9,1.7,0.00,14.79, ,0.85,0.50,,,
PR_001,9,1.8,0.00,14.01, ,0.90,0.53,,,
PR_001,9,1.9,0.00,13.31, ,0.95,0.56,,,
PR_001,9,2.0,0.00,12.68, ,1.00,0.59,,,
PR_001,9,2.1,0.00,12.12, ,1.00,0.67,,,
PR_001,9,2.2,0.00,11.61, ,1.00,0.75,,,
PR_001,9,2.3,0.00,11.15, ,1.00,0.83,,,
PR_001,9,2.4,0.00,10.72, ,1.00,0.90,,,
PR_001,9,2.5,0.00,10.33, ,1.00,0.98,,,
PR_001,9,2.6,0.00,9.98, ,1.00,1.06,,,
PR_001,9,2.7,0.00,9.65, ,1.00,1.14,,,
PR_001,9,2.8,0.00,9.34, ,1.00,1.22,,,
PR_001,9,2.9,0.00,9.06, ,1.00,1.30,,,
PR_001,9,3.0,0.00,8.80, ,1.00,1.38,,,
PR_001,9,3.1,0.00,8.56, ,1.00,1.46,,,
PR_001,9.5,0.8,0.00,34.35, ,0.40,0.23,,,
PR_001,9.5,0.9,0.00,30.57, ,0.45,0.26,,,
PR_001,9.5,1.0,0.00,27.55, ,0.50,0.29,,,
PR_001,9.5,1.1,0.00,25.09, ,0.55,0.32,,,
PR_001,9.5,1.2,0.00,23.04, ,0.60,0.35,,,
PR_001,9.5,1.3,0.00,21.30, ,0.65,0.38,,,
PR_001,9.5,1.4,0.00,19.82, ,0.70,0.41,,,
PR_001,9.5,1.5,0.00,18.54, ,0.75,0.44,,,
PR_001,9.5,1.6,0.00,17.42, ,0.80,0.47,,,
PR_001,9.5,1.7,0.00,16.44, ,0.85,0.50,,,
PR_001,9.5,1.8,0.00,15.56, ,0.90,0.53,,,
PR_001,9.5,1.9,0.00,14.78, ,0.95,0.56,,,
PR_001,9.5,2.0,0.00,14.09, ,1.00,0.59,,,
PR_001,9.5,2.1,0.00,13.45, ,1.00,0.67,,,
PR_001,9.5,2.2,0.00,12.88, ,1.00,0.75,,,
PR_001,9.5,2.3,0.00,12.36, ,1.00,0.83,,,
PR_001,9.5,2.4,0.00,11.89, ,1.00,0.90,,,
PR_001,9.5,2.5,0.00,11.45, ,1.00,0.98,,,
PR_001,9.5,2.6,0.00,11.05, ,1.00,1.06,,,
PR_001,9.5,2.7,0.00,10.68, ,1.00,1.14,,,
PR_001,9.5,2.8,0.00,10.34, ,1.00,1.22,,,
PR_001,9.5,2.9,0.00,10.03, ,1.00,1.30,,,
PR_001,9.5,3.0,0.00,9.73, ,1.00,1.38,,,
PR_001,9.5,3.1,0.00,9.46, ,1.00,1.46,,,
PR_001,10,0.8,0.00,38.04, ,0.40,0.23,,,
PR_001,10,0.9,0.00,33.85, ,0.45,0.26,,,
PR_001,10,1.0,0.00,30.51, ,0.50,0.29,,,
PR_001,10,1.1,0.00,27.77, ,0.55,0.32,,,
PR_001,10,1.2,0.00,25.50, ,0.60,0.35,,,
PR_001,10,1.3,0.00,23.58, ,0.65,0.38,,,
PR_001,10,1.4,0.00,21.93, ,0.70,0.41,,,
PR_001,10,1.5,0.00,20.51, ,0.75,0.44,,,
PR_001,10,1.6,0.00,19.27, ,0.80,0.47,,,
PR_001,10,1.7,0.00,18.17, ,0.85,0.50,,,
PR_001,10,1.8,0.00,17.20, ,0.90,0.53,,,
PR_001,10,1.9,0.00,16.34, ,0.95,0.56,,,
PR_001,10,2.0,0.00,15.56, ,1.00,0.59,,,
PR_001,10,2.1,0.00,14.86, ,1.05,0.62,,,
PR_001,10,2.2,0.00,14.23, ,1.10,0.65,,,
PR_001,10,2.3,0.00,13.65, ,1.10,0.73,,,
PR_001,10,2.4,0.00,13.12, ,1.10,0.80,,,
PR_001,10,2.5,0.00,12.64, ,1.10,0.88,,,
PR_001,10,2.6,0.00,12.19, ,1.10,0.96,,,
PR_001,10,2.7,0.00,11.78, ,1.10,1.04,,,
PR_001,10,2.8,0.00,11.40, ,1.10,1.12,,,
PR_001,10,2.9,0.00,11.05, ,1.10,1.20,,,
PR_001,10,3.0,0.00,10.72, ,1.10,1.28,,,
PR_001,10,3.1,0.00,10.41, ,1.10,1.36,,,
PR_002,3,0.8,11.00,2.26, ,0.20,,,,
PR_002,3,0.9,11.00,2.08, ,0.20,,,,
PR_002,3,1.0,11.00,1.94, ,0.20,,,,
PR_002,3,1.1,11.00,1.83, ,0.20,,,,
PR_002,3,1.2,11.00,1.75, ,0.20,,,,
PR_002,3,1.3,11.00,1.68, ,0.20,,,,
PR_002,3,1.4,11.00,1.63, ,0.20,,,,
PR_002,3,1.5,11.00,1.59, ,0.20,,,,
PR_002,3,1.6,11.00,1.56, ,0.20,,,,
PR_002,3,1.7,11.00,1.54, ,0.20,,,,
PR_002,3,1.8,11.00,1.52, ,0.20,,,,
PR_002,3,1.9,11.00,1.51, ,0.20,,,,
PR_002,3,2.0,11.00,1.50, ,0.20,,,,
PR_002,3,2.1,11.00,1.50, ,0.20,,,,
PR_002,3,2.2,11.00,1.50, ,0.20,,,,
PR_002,3,2.3,11.00,1.51, ,0.20,,,,
PR_002,3,2.4,11.00,1.51, ,0.20,,,,
PR_002,3,2.5,11.00,1.52, ,0.20,,,,
PR_002,3,2.6,11.00,1.53, ,0.20,,,,
PR_002,3,2.7,11.00,1.55, ,0.20,,,,
PR_002,3,2.8,11.00,1.56, ,0.20,,,,
PR_002,3,2.9,11.00,1.58, ,0.20,,,,
PR_002,3,3.0,11.00,1.59, ,0.20,,,,
PR_002,3,3.1,11.00,1.61, ,0.20,,,,
PR_002,3.5,0.8,12.00,2.98, ,0.20,,,,
PR_002,3.5,0.9,12.00,2.71, ,0.20,,,,
PR_002,3.5,1.0,12.00,2.51, ,0.20,,,,
PR_002,3.5,1.1,12.00,2.35, ,0.20,,,,
PR_002,3.5,1.2,12.00,2.22, ,0.20,,,,
PR_002,3.5,1.3,12.00,2.12, ,0.20,,,,
PR_002,3.5,1.4,12.00,2.04, ,0.20,,,,
PR_002,3.5,1.5,12.00,1.97, ,0.20,,,,
PR_002,3.5,1.6,12.00,1.92, ,0.20,,,,
PR_002,3.5,1.7,12.00,1.87, ,0.20,,,,
PR_002,3.5,1.8,12.00,1.84, ,0.20,,,,
PR_002,3.5,1.9,12.00,1.81, ,0.20,,,,
PR_002,3.5,2.0,12.00,1.79, ,0.20,,,,
PR_002,3.5,2.1,12.00,1.77, ,0.20,,,,
PR_002,3.5,2.2,12.00,1.76, ,0.20,,,,
PR_002,3.5,2.3,12.00,1.75, ,0.20,,,,
PR_002,3.5,2.4,12.00,1.75, ,0.20,,,,
PR_002,3.5,2.5,12.00,1.75, ,0.20,,,,
PR_002,3.5,2.6,12.00,1.75, ,0.20,,,,
PR_002,3.5,2.7,12.00,1.76, ,0.20,,,,
PR_002,3.5,2.8,12.00,1.76, ,0.20,,,,
PR_002,3.5,2.9,12.00,1.77, ,0.20,,,,
PR_002,3.5,3.0,12.00,1.78, ,0.20,,,,
PR_002,3.5,3.1,12.00,1.80, ,0.20,,,,
PR_002,4,0.8,13.00,3.80, ,0.20,,,,
PR_002,4,0.9,13.00,3.45, ,0.20,,,,
PR_002,4,1.0,13.00,3.17, ,0.20,,,,
PR_002,4,1.1,13.00,2.95, ,0.20,,,,
PR_002,4,1.2,13.00,2.77, ,0.20,,,,
PR_002,4,1.3,13.00,2.63, ,0.20,,,,
PR_002,4,1.4,13.00,2.51, ,0.20,,,,
PR_002,4,1.5,13.00,2.41, ,0.20,,,,
PR_002,4,1.6,13.00,2.33, ,0.20,,,,
PR_002,4,1.7,13.00,2.26, ,0.20,,,,
PR_002,4,1.8,13.00,2.20, ,0.20,,,,
PR_002,4,1.9,13.00,2.16, ,0.20,,,,
PR_002,4,2.0,13.00,2.12, ,0.20,,,,
PR_002,4,2.1,13.00,2.09, ,0.20,,,,
PR_002,4,2.2,13.00,2.06, ,0.20,,,,
PR_002,4,2.3,13.00,2.04, ,0.20,,,,
PR_002,4,2.4,13.00,2.03, ,0.20,,,,
PR_002,4,2.5,13.00,2.01, ,0.20,,,,
PR_002,4,2.6,13.00,2.01, ,0.20,,,,
PR_002,4,2.7,13.00,2.00, ,0.20,,,,
PR_002,4,2.8,13.00,2.00, ,0.20,,,,
PR_002,4,2.9,13.00,2.00, ,0.20,,,,
PR_002,4,3.0,13.00,2.00, ,0.20,,,,
PR_002,4,3.1,13.00,2.01, ,0.20,,,,
PR_002,4.5,0.8,14.00,4.74, ,0.20,,,,
PR_002,4.5,0.9,14.00,4.28, ,0.20,,,,
PR_002,4.5,1.0,14.00,3.92, ,0.20,,,,
PR_002,4.5,1.1,14.00,3.63, ,0.20,,,,
PR_002,4.5,1.2,14.00,3.40, ,0.20,,,,
PR_002,4.5,1.3,14.00,3.20, ,0.20,,,,
PR_002,4.5,1.4,14.00,3.04, ,0.20,,,,
PR_002,4.5,1.5,14.00,2.91, ,0.20,,,,
PR_002,4.5,1.6,14.00,2.80, ,0.20,,,,
PR_002,4.5,1.7,14.00,2.70, ,0.20,,,,
PR_002,4.5,1.8,14.00,2.62, ,0.20,,,,
PR_002,4.5,1.9,14.00,2.55, ,0.20,,,,
PR_002,4.5,2.0,14.00,2.49, ,0.20,,,,
PR_002,4.5,2.1,14.00,2.44, ,0.20,,,,
PR_002,4.5,2.2,14.00,2.40, ,0.20,,,,
PR_002,4.5,2.3,14.00,2.37, ,0.20,,,,
PR_002,4.5,2.4,14.00,2.34, ,0.20,,,,
PR_002,4.5,2.5,14.00,2.31, ,0.20,,,,
PR_002,4.5,2.6,14.00,2.29, ,0.20,,,,
PR_002,4.5,2.7,14.00,2.28, ,0.20,,,,
PR_002,4.5,2.8,14.00,2.27, ,0.20,,,,
PR_002,4.5,2.9,14.00,2.26, ,0.20,,,,
PR_002,4.5,3.0,14.00,2.25, ,0.20,,,,
PR_002,4.5,3.1,14.00,2.25, ,0.20,,,,
PR_002,5,0.8,15.00,5.78, ,0.20,,,,
PR_002,5,0.9,15.00,5.21, ,0.20,,,,
PR_002,5,1.0,15.00,4.75, ,0.20,,,,
PR_002,5,1.1,15.00,4.39, ,0.20,,,,
PR_002,5,1.2,15.00,4.09, ,0.20,,,,
PR_002,5,1.3,15.00,3.85, ,0.20,,,,
PR_002,5,1.4,15.00,3.64, ,0.20,,,,
PR_002,5,1.5,15.00,3.47, ,0.20,,,,
PR_002,5,1.6,15.00,3.32, ,0.20,,,,
PR_002,5,1.7,15.00,3.19, ,0.20,,,,
PR_002,5,1.8,15.00,3.08, ,0.20,,,,
PR_002,5,1.9,15.00,2.99, ,0.20,,,,
PR_002,5,2.0,15.00,2.91, ,0.20,,,,
PR_002,5,2.1,15.00,2.84, ,0.20,,,,
PR_002,5,2.2,15.00,2.78, ,0.20,,,,
PR_002,5,2.3,15.00,2.73, ,0.20,,,,
PR_002,5,2.4,15.00,2.69, ,0.20,,,,
PR_002,5,2.5,15.00,2.65, ,0.20,,,,
PR_002,5,2.6,15.00,2.62, ,0.20,,,,
PR_002,5,2.7,15.00,2.59, ,0.20,,,,
PR_002,5,2.8,15.00,2.57, ,0.20,,,,
PR_002,5,2.9,15.00,2.55, ,0.20,,,,
PR_002,5,3.0,15.00,2.53, ,0.20,,,,
PR_002,5,3.1,15.00,2.52, ,0.20,,,,
PR_002,5.5,0.8,16.00,6.94, ,0.20,,,,
PR_002,5.5,0.9,16.00,6.23, ,0.20,,,,
PR_002,5.5,1.0,16.00,5.68, ,0.20,,,,
PR_002,5.5,1.1,16.00,5.23, ,0.20,,,,
PR_002,5.5,1.2,16.00,4.86, ,0.20,,,,
PR_002,5.5,1.3,16.00,4.56, ,0.20,,,,
PR_002,5.5,1.4,16.00,4.30, ,0.20,,,,
PR_002,5.5,1.5,16.00,4.08, ,0.20,,,,
PR_002,5.5,1.6,16.00,3.90, ,0.20,,,,
PR_002,5.5,1.7,16.00,3.74, ,0.20,,,,
PR_002,5.5,1.8,16.00,3.60, ,0.20,,,,
PR_002,5.5,1.9,16.00,3.48, ,0.20,,,,
PR_002,5.5,2.0,16.00,3.37, ,0.20,,,,
PR_002,5.5,2.1,16.00,3.28, ,0.20,,,,
PR_002,5.5,2.2,16.00,3.20, ,0.20,,,,
PR_002,5.5,2.3,16.00,3.13, ,0.20,,,,
PR_002,5.5,2.4,16.00,3.07, ,0.20,,,,
PR_002,5.5,2.5,16.00,3.02, ,0.20,,,,
PR_002,5.5,2.6,16.00,2.97, ,0.20,,,,
PR_002,5.5,2.7,16.00,2.93, ,0.20,,,,
PR_002,5.5,2.8,16.00,2.90, ,0.20,,,,
PR_002,5.5,2.9,16.00,2.87, ,0.20,,,,
PR_002,5.5,3.0,16.00,2.84, ,0.20,,,,
PR_002,5.5,3.1,16.00,2.82, ,0.20,,,,
PR_002,6,0.8,17.00,8.20, ,0.20,,,,
PR_002,6,0.9,17.00,7.36, ,0.20,,,,
PR_002,6,1.0,17.00,6.69, ,0.20,,,,
PR_002,6,1.1,17.00,6.15, ,0.20,,,,
PR_002,6,1.2,17.00,5.71, ,0.20,,,,
PR_002,6,1.3,17.00,5.33, ,0.20,,,,
PR_002,6,1.4,17.00,5.02, ,0.20,,,,
PR_002,6,1.5,17.00,4.76, ,0.20,,,,
PR_002,6,1.6,17.00,4.53, ,0.20,,,,
PR_002,6,1.7,17.00,4.33, ,0.20,,,,
PR_002,6,1.8,17.00,4.16, ,0.20,,,,
PR_002,6,1.9,17.00,4.01, ,0.20,,,,
PR_002,6,2.0,17.00,3.88, ,0.20,,,,
PR_002,6,2.1,17.00,3.76, ,0.20,,,,
PR_002,6,2.2,17.00,3.66, ,0.20,,,,
PR_002,6,2.3,17.00,3.57, ,0.20,,,,
PR_002,6,2.4,17.00,3.49, ,0.20,,,,
PR_002,6,2.5,17.00,3.42, ,0.20,,,,
PR_002,6,2.6,17.00,3.36, ,0.20,,,,
PR_002,6,2.7,17.00,3.31, ,0.20,,,,
PR_002,6,2.8,17.00,3.26, ,0.20,,,,
PR_002,6,2.9,17.00,3.21, ,0.20,,,,
PR_002,6,3.0,17.00,3.18, ,0.20,,,,
PR_002,6,3.1,17.00,3.14, ,0.20,,,,
PR_002,6.5,0.8,18.00,9.58, ,0.20,,,,
PR_002,6.5,0.9,18.00,8.58, ,0.20,,,,
PR_002,6.5,1.0,18.00,7.79, ,0.20,,,,
PR_002,6.5,1.1,18.00,7.15, ,0.20,,,,
PR_002,6.5,1.2,18.00,6.62, ,0.20,,,,
PR_002,6.5,1.3,18.00,6.18, ,0.20,,,,
PR_002,6.5,1.4,18.00,5.81, ,0.20,,,,
PR_002,6.5,1.5,18.00,5.49, ,0.20,,,,
PR_002,6.5,1.6,18.00,5.22, ,0.20,,,,
PR_002,6.5,1.7,18.00,4.98, ,0.20,,,,
PR_002,6.5,1.8,18.00,4.77, ,0.20,,,,
PR_002,6.5,1.9,18.00,4.59, ,0.20,,,,
PR_002,6.5,2.0,18.00,4.43, ,0.20,,,,
PR_002,6.5,2.1,18.00,4.29, ,0.20,,,,
PR_002,6.5,2.2,18.00,4.16, ,0.20,,,,
PR_002,6.5,2.3,18.00,4.05, ,0.20,,,,
PR_002,6.5,2.4,18.00,3.95, ,0.20,,,,
PR_002,6.5,2.5,18.00,3.86, ,0.20,,,,
PR_002,6.5,2.6,18.00,3.78, ,0.20,,,,
PR_002,6.5,2.7,18.00,3.71, ,0.20,,,,
PR_002,6.5,2.8,18.00,3.65, ,0.20,,,,
PR_002,6.5,2.9,18.00,3.59, ,0.20,,,,
PR_002,6.5,3.0,18.00,3.54, ,0.20,,,,
PR_002,6.5,3.1,18.00,3.50, ,0.20,,,,
PR_002,7,0.8,19.00,11.06, ,0.20,,,,
PR_002,7,0.9,19.00,9.90, ,0.20,,,,
PR_002,7,1.0,19.00,8.98, ,0.20,,,,
PR_002,7,1.1,19.00,8.23, ,0.20,,,,
PR_002,7,1.2,19.00,7.61, ,0.20,,,,
PR_002,7,1.3,19.00,7.09, ,0.20,,,,
PR_002,7,1.4,19.00,6.66, ,0.20,,,,
PR_002,7,1.5,19.00,6.28, ,0.20,,,,
PR_002,7,1.6,19.00,5.96, ,0.20,,,,
PR_002,7,1.7,19.00,5.68, ,0.20,,,,
PR_002,7,1.8,19.00,5.43, ,0.20,,,,
PR_002,7,1.9,19.00,5.21, ,0.20,,,,
PR_002,7,2.0,19.00,5.02, ,0.20,,,,
PR_002,7,2.1,19.00,4.85, ,0.20,,,,
PR_002,7,2.2,19.00,4.70, ,0.20,,,,
PR_002,7,2.3,19.00,4.57, ,0.20,,,,
PR_002,7,2.4,19.00,4.45, ,0.20,,,,
PR_002,7,2.5,19.00,4.34, ,0.20,,,,
PR_002,7,2.6,19.00,4.24, ,0.20,,,,
PR_002,7,2.7,19.00,4.15, ,0.20,,,,
PR_002,7,2.8,19.00,4.07, ,0.20,,,,
PR_002,7,2.9,19.00,4.00, ,0.20,,,,
PR_002,7,3.0,19.00,3.94, ,0.20,,,,
PR_002,7,3.1,19.00,3.88, ,0.20,,,,
PR_002,7.5,0.8,20.00,12.66, ,0.20,,,,
PR_002,7.5,0.9,20.00,11.32, ,0.20,,,,
PR_002,7.5,1.0,20.00,10.25, ,0.20,,,,
PR_002,7.5,1.1,20.00,9.39, ,0.20,,,,
PR_002,7.5,1.2,20.00,8.67, ,0.20,,,,
PR_002,7.5,1.3,20.00,8.08, ,0.20,,,,
PR_002,7.5,1.4,20.00,7.57, ,0.20,,,,
PR_002,7.5,1.5,20.00,7.13, ,0.20,,,,
PR_002,7.5,1.6,20.00,6.75, ,0.20,,,,
PR_002,7.5,1.7,20.00,6.43, ,0.20,,,,
PR_002,7.5,1.8,20.00,6.14, ,0.20,,,,
PR_002,7.5,1.9,20.00,5.88, ,0.20,,,,
PR_002,7.5,2.0,20.00,5.66, ,0.20,,,,
PR_002,7.5,2.1,20.00,5.46, ,0.20,,,,
PR_002,7.5,2.2,20.00,5.28, ,0.20,,,,
PR_002,7.5,2.3,20.00,5.12, ,0.20,,,,
PR_002,7.5,2.4,20.00,4.98, ,0.20,,,,
PR_002,7.5,2.5,20.00,4.85, ,0.20,,,,
PR_002,7.5,2.6,20.00,4.73, ,0.20,,,,
PR_002,7.5,2.7,20.00,4.63, ,0.20,,,,
PR_002,7.5,2.8,20.00,4.53, ,0.20,,,,
PR_002,7.5,2.9,20.00,4.44, ,0.20,,,,
PR_002,7.5,3.0,20.00,4.37, ,0.20,,,,
PR_002,7.5,3.1,20.00,4.29, ,0.20,,,,
PR_002,8,0.8,21.00,14.36, ,0.20,,,,
PR_002,8,0.9,21.00,12.83, ,0.20,,,,
PR_002,8,1.0,21.00,11.62, ,0.20,,,,
PR_002,8,1.1,21.00,10.63, ,0.20,,,,
PR_002,8,1.2,21.00,9.81, ,0.20,,,,
PR_002,8,1.3,21.00,9.13, ,0.20,,,,
PR_002,8,1.4,21.00,8.54, ,0.20,,,,
PR_002,8,1.5,21.00,8.04, ,0.20,,,,
PR_002,8,1.6,21.00,7.61, ,0.20,,,,
PR_002,8,1.7,21.00,7.23, ,0.20,,,,
PR_002,8,1.8,21.00,6.90, ,0.20,,,,
PR_002,8,1.9,21.00,6.60, ,0.20,,,,
PR_002,8,2.0,21.00,6.34, ,0.20,,,,
PR_002,8,2.1,21.00,6.11, ,0.20,,,,
PR_002,8,2.2,21.00,5.90, ,0.20,,,,
PR_002,8,2.3,21.00,5.71, ,0.20,,,,
PR_002,8,2.4,21.00,5.55, ,0.20,,,,
PR_002,8,2.5,21.00,5.39, ,0.20,,,,
PR_002,8,2.6,21.00,5.26, ,0.20,,,,
PR_002,8,2.7,21.00,5.13, ,0.20,,,,
PR_002,8,2.8,21.00,5.02, ,0.20,,,,
PR_002,8,2.9,21.00,4.91, ,0.20,,,,
PR_002,8,3.0,21.00,4.82, ,0.20,,,,
PR_002,8,3.1,21.00,4.73, ,0.20,,,,
PR_002,8.5,0.8,22.00,16.18, ,0.20,,,,
PR_002,8.5,0.9,22.00,14.45, ,0.20,,,,
PR_002,8.5,1.0,22.00,13.07, ,0.20,,,,
PR_002,8.5,1.1,22.00,11.95, ,0.20,,,,
PR_002,8.5,1.2,22.00,11.02, ,0.20,,,,
PR_002,8.5,1.3,22.00,10.24, ,0.20,,,,
PR_002,8.5,1.4,22.00,9.58, ,0.20,,,,
PR_002,8.5,1.5,22.00,9.01, ,0.20,,,,
PR_002,8.5,1.6,22.00,8.51, ,0.20,,,,
PR_002,8.5,1.7,22.00,8.08, ,0.20,,,,
PR_002,8.5,1.8,22.00,7.70, ,0.20,,,,
PR_002,8.5,1.9,22.00,7.37, ,0.20,,,,
PR_002,8.5,2.0,22.00,7.07, ,0.20,,,,
PR_002,8.5,2.1,22.00,6.80, ,0.20,,,,
PR_002,8.5,2.2,22.00,6.56, ,0.20,,,,
PR_002,8.5,2.3,22.00,6.34, ,0.20,,,,
PR_002,8.5,2.4,22.00,6.15, ,0.20,,,,
PR_002,8.5,2.5,22.00,5.97, ,0.20,,,,
PR_002,8.5,2.6,22.00,5.81, ,0.20,,,,
PR_002,8.5,2.7,22.00,5.67, ,0.20,,,,
PR_002,8.5,2.8,22.00,5.54, ,0.20,,,,
PR_002,8.5,2.9,22.00,5.41, ,0.20,,,,
PR_002,8.5,3.0,22.00,5.30, ,0.20,,,,
PR_002,8.5,3.1,22.00,5.20, ,0.20,,,,
PR_002,9,0.8,23.00,18.10, ,0.20,,,,
PR_002,9,0.9,23.00,16.16, ,0.20,,,,
PR_002,9,1.0,23.00,14.61, ,0.20,,,,
PR_002,9,1.1,23.00,13.35, ,0.20,,,,
PR_002,9,1.2,23.00,12.30, ,0.20,,,,
PR_002,9,1.3,23.00,11.43, ,0.20,,,,
PR_002,9,1.4,23.00,10.68, ,0.20,,,,
PR_002,9,1.5,23.00,10.04, ,0.20,,,,
PR_002,9,1.6,23.00,9.48, ,0.20,,,,
PR_002,9,1.7,23.00,8.99, ,0.20,,,,
PR_002,9,1.8,23.00,8.56, ,0.20,,,,
PR_002,9,1.9,23.00,8.18, ,0.20,,,,
PR_002,9,2.0,23.00,7.84, ,0.20,,,,
PR_002,9,2.1,23.00,7.53, ,0.20,,,,
PR_002,9,2.2,23.00,7.26, ,0.20,,,,
PR_002,9,2.3,23.00,7.01, ,0.20,,,,
PR_002,9,2.4,23.00,6.79, ,0.20,,,,
PR_002,9,2.5,23.00,6.59, ,0.20,,,,
PR_002,9,2.6,23.00,6.41, ,0.20,,,,
PR_002,9,2.7,23.00,6.24, ,0.20,,,,
PR_002,9,2.8,23.00,6.09, ,0.20,,,,
PR_002,9,2.9,23.00,5.95, ,0.20,,,,
PR_002,9,3.0,23.00,5.82, ,0.20,,,,
PR_002,9,3.1,23.00,5.70, ,0.20,,,,
PR_002,9.5,0.8,24.00,20.14, ,0.20,,,,
PR_002,9.5,0.9,24.00,17.97, ,0.20,,,,
PR_002,9.5,1.0,24.00,16.24, ,0.20,,,,
PR_002,9.5,1.1,24.00,14.83, ,0.20,,,,
PR_002,9.5,1.2,24.00,13.66, ,0.20,,,,
PR_002,9.5,1.3,24.00,12.68, ,0.20,,,,
PR_002,9.5,1.4,24.00,11.84, ,0.20,,,,
PR_002,9.5,1.5,24.00,11.12, ,0.20,,,,
PR_002,9.5,1.6,24.00,10.49, ,0.20,,,,
PR_002,9.5,1.7,24.00,9.95, ,0.20,,,,
PR_002,9.5,1.8,24.00,9.46, ,0.20,,,,
PR_002,9.5,1.9,24.00,9.03, ,0.20,,,,
PR_002,9.5,2.0,24.00,8.65, ,0.20,,,,
PR_002,9.5,2.1,24.00,8.31, ,0.20,,,,
PR_002,9.5,2.2,24.00,8.00, ,0.20,,,,
PR_002,9.5,2.3,24.00,7.72, ,0.20,,,,
PR_002,9.5,2.4,24.00,7.47, ,0.20,,,,
PR_002,9.5,2.5,24.00,7.24, ,0.20,,,,
PR_002,9.5,2.6,24.00,7.03, ,0.20,,,,
PR_002,9.5,2.7,24.00,6.84, ,0.20,,,,
PR_002,9.5,2.8,24.00,6.67, ,0.20,,,,
PR_002,9.5,2.9,24.00,6.51, ,0.20,,,,
PR_002,9.5,3.0,24.00,6.36, ,0.20,,,,
PR_002,9.5,3.1,24.00,6.22, ,0.20,,,,
PR_002,10,0.8,25.00,22.28, ,0.20,,,,
PR_002,10,0.9,25.00,19.87, ,0.20,,,,
PR_002,10,1.0,25.00,17.95, ,0.20,,,,
PR_002,10,1.1,25.00,16.39, ,0.20,,,,
PR_002,10,1.2,25.00,15.09, ,0.20,,,,
PR_002,10,1.3,25.00,14.00, ,0.20,,,,
PR_002,10,1.4,25.00,13.07, ,0.20,,,,
PR_002,10,1.5,25.00,12.26, ,0.20,,,,
PR_002,10,1.6,25.00,11.57, ,0.20,,,,
PR_002,10,1.7,25.00,10.96, ,0.20,,,,
PR_002,10,1.8,25.00,10.42, ,0.20,,,,
PR_002,10,1.9,25.00,9.94, ,0.20,,,,
PR_002,10,2.0,25.00,9.51, ,0.20,,,,
PR_002,10,2.1,25.00,9.13, ,0.20,,,,
PR_002,10,2.2,25.00,8.78, ,0.20,,,,
PR_002,10,2.3,25.00,8.47, ,0.20,,,,
PR_002,10,2.4,25.00,8.18, ,0.20,,,,
PR_002,10,2.5,25.00,7.93, ,0.20,,,,
PR_002,10,2.6,25.00,7.69, ,0.20,,,,
PR_002,10,2.7,25.00,7.48, ,0.20,,,,
PR_002,10,2.8,25.00,7.28, ,0.20,,,,
PR_002,10,2.9,25.00,7.10, ,0.20,,,,
PR_002,10,3.0,25.00,6.93, ,0.20,,,,
PR_002,10,3.1,25.00,6.78, ,0.20,,,,
PR_003,3,0.8,3.54,3.54, ,0.10,0.10,,,
PR_003,3,0.9,3.19,3.19, ,0.12,0.12,,,
PR_003,3,1.0,2.91,2.91, ,0.15,0.15,,,
PR_003,3,1.1,2.69,2.69, ,0.17,0.17,,,
PR_003,3,1.2,2.50,2.50, ,0.20,0.20,,,
PR_003,3,1.3,2.35,2.35, ,0.22,0.22,,,
PR_003,3,1.4,2.22,2.22, ,0.26,0.26,,,
PR_003,3,1.5,2.11,2.11, ,0.29,0.29,,,
PR_003,3,1.6,2.02,2.02, ,0.33,0.33,,,
PR_003,3,1.7,1.94,1.94, ,0.37,0.37,,,
PR_003,3,1.8,1.88,1.88, ,0.42,0.42,,,
PR_003,3,1.9,1.82,1.82, ,0.47,0.47,,,
PR_003,3,2.0,1.77,1.77, ,0.53,0.53,,,
PR_003,3,2.1,1.72,1.72, ,0.60,0.60,,,
PR_003,3,2.2,1.69,1.69, ,0.67,0.67,,,
PR_003,3,2.3,1.65,1.65, ,0.75,0.75,,,
PR_003,3,2.4,1.63,1.63, ,0.84,0.84,,,
PR_003,3,2.5,1.60,1.60, ,0.94,0.94,,,
PR_003,3,2.6,1.58,1.58, ,1.05,1.05,,,
PR_003,3,2.7,1.56,1.56, ,1.17,1.17,,,
PR_003,3,2.8,1.55,1.55, ,1.30,1.30,,,
PR_003,3,2.9,1.54,1.54, ,1.41,1.41,,,
PR_003,3,3.0,1.53,1.53, ,1.50,1.50,,,
PR_003,3,3.1,1.52,1.52, ,1.48,1.48,,,
PR_003,3.5,0.8,4.76,4.76, ,0.10,0.10,,,
PR_003,3.5,0.9,4.27,4.27, ,0.12,0.12,,,
PR_003,3.5,1.0,3.89,3.89, ,0.13,0.13,,,
PR_003,3.5,1.1,3.57,3.57, ,0.16,0.16,,,
PR_003,3.5,1.2,3.32,3.32, ,0.18,0.18,,,
PR_003,3.5,1.3,3.10,3.10, ,0.20,0.20,,,
PR_003,3.5,1.4,2.92,2.92, ,0.23,0.23,,,
PR_003,3.5,1.5,2.76,2.76, ,0.26,0.26,,,
PR_003,3.5,1.6,2.63,2.63, ,0.29,0.29,,,
PR_003,3.5,1.7,2.52,2.52, ,0.32,0.32,,,
PR_003,3.5,1.8,2.42,2.42, ,0.36,0.36,,,
PR_003,3.5,1.9,2.33,2.33, ,0.40,0.40,,,
PR_003,3.5,2.0,2.26,2.26, ,0.44,0.44,,,
PR_003,3.5,2.1,2.19,2.19, ,0.49,0.49,,,
PR_003,3.5,2.2,2.13,2.13, ,0.54,0.54,,,
PR_003,3.5,2.3,2.08,2.08, ,0.60,0.60,,,
PR_003,3.5,2.4,2.03,2.03, ,0.66,0.66,,,
PR_003,3.5,2.5,1.99,1.99, ,0.73,0.73,,,
PR_003,3.5,2.6,1.96,1.96, ,0.81,0.81,,,
PR_003,3.5,2.7,1.92,1.92, ,0.89,0.89,,,
PR_003,3.5,2.8,1.90,1.90, ,0.98,0.98,,,
PR_003,3.5,2.9,1.87,1.87, ,1.08,1.08,,,
PR_003,3.5,3.0,1.85,1.85, ,1.19,1.19,,,
PR_003,3.5,3.1,1.83,1.83, ,1.31,1.31,,,
PR_003,4,0.8,6.17,6.17, ,0.09,0.09,,,
PR_003,4,0.9,5.53,5.53, ,0.11,0.11,,,
PR_003,4,1.0,5.01,5.01, ,0.13,0.13,,,
PR_003,4,1.1,4.60,4.60, ,0.15,0.15,,,
PR_003,4,1.2,4.25,4.25, ,0.17,0.17,,,
PR_003,4,1.3,3.97,3.97, ,0.19,0.19,,,
PR_003,4,1.4,3.72,3.72, ,0.21,0.21,,,
PR_003,4,1.5,3.52,3.52, ,0.23,0.23,,,
PR_003,4,1.6,3.34,3.34, ,0.26,0.26,,,
PR_003,4,1.7,3.18,3.18, ,0.29,0.29,,,
PR_003,4,1.8,3.04,3.04, ,0.32,0.32,,,
PR_003,4,1.9,2.92,2.92, ,0.35,0.35,,,
PR_003,4,2.0,2.82,2.82, ,0.39,0.39,,,
PR_003,4,2.1,2.73,2.73, ,0.43,0.43,,,
PR_003,4,2.2,2.64,2.64, ,0.47,0.47,,,
PR_003,4,2.3,2.57,2.57, ,0.51,0.51,,,
PR_003,4,2.4,2.50,2.50, ,0.56,0.56,,,
PR_003,4,2.5,2.44,2.44, ,0.61,0.61,,,
PR_003,4,2.6,2.39,2.39, ,0.67,0.67,,,
PR_003,4,2.7,2.34,2.34, ,0.73,0.73,,,
PR_003,4,2.8,2.30,2.30, ,0.80,0.80,,,
PR_003,4,2.9,2.26,2.26, ,0.87,0.87,,,
PR_003,4,3.0,2.23,2.23, ,0.95,0.95,,,
PR_003,4,3.1,2.20,2.20, ,1.03,1.03,,,
PR_003,4.5,0.8,7.77,7.77, ,0.09,0.09,,,
PR_003,4.5,0.9,6.94,6.94, ,0.10,0.10,,,
PR_003,4.5,1.0,6.29,6.29, ,0.12,0.12,,,
PR_003,4.5,1.1,5.76,5.76, ,0.14,0.14,,,
PR_003,4.5,1.2,5.32,5.32, ,0.16,0.16,,,
PR_003,4.5,1.3,4.95,4.95, ,0.18,0.18,,,
PR_003,4.5,1.4,4.63,4.63, ,0.20,0.20,,,
PR_003,4.5,1.5,4.37,4.37, ,0.22,0.22,,,
PR_003,4.5,1.6,4.13,4.13, ,0.24,0.24,,,
PR_003,4.5,1.7,3.93,3.93, ,0.27,0.27,,,
PR_003,4.5,1.8,3.75,3.75, ,0.29,0.29,,,
PR_003,4.5,1.9,3.60,3.60, ,0.32,0.32,,,
PR_003,4.5,2.0,3.46,3.46, ,0.35,0.35,,,
PR_003,4.5,2.1,3.33,3.33, ,0.39,0.39,,,
PR_003,4.5,2.2,3.22,3.22, ,0.42,0.42,,,
PR_003,4.5,2.3,3.12,3.12, ,0.46,0.46,,,
PR_003,4.5,2.4,3.03,3.03, ,0.50,0.50,,,
PR_003,4.5,2.5,2.95,2.95, ,0.54,0.54,,,
PR_003,4.5,2.6,2.88,2.88, ,0.58,0.58,,,
PR_003,4.5,2.7,2.81,2.81, ,0.63,0.63,,,
PR_003,4.5,2.8,2.75,2.75, ,0.68,0.68,,,
PR_003,4.5,2.9,2.70,2.70, ,0.74,0.74,,,
PR_003,4.5,3.0,2.65,2.65, ,0.80,0.80,,,
PR_003,4.5,3.1,2.61,2.61, ,0.86,0.86,,,
PR_003,5,0.8,9.55,9.55, ,0.09,0.09,,,
PR_003,5,0.9,8.53,8.53, ,0.10,0.10,,,
PR_003,5,1.0,7.72,7.72, ,0.12,0.12,,,
PR_003,5,1.1,7.05,7.05, ,0.13,0.13,,,
PR_003,5,1.2,6.51,6.51, ,0.15,0.15,,,
PR_003,5,1.3,6.05,6.05, ,0.17,0.17,,,
PR_003,5,1.4,5.65,5.65, ,0.19,0.19,,,
PR_003,5,1.5,5.32,5.32, ,0.21,0.21,,,
PR_003,5,1.6,5.03,5.03, ,0.23,0.23,,,
PR_003,5,1.7,4.77,4.77, ,0.25,0.25,,,
PR_003,5,1.8,4.55,4.55, ,0.27,0.27,,,
PR_003,5,1.9,4.35,4.35, ,0.30,0.30,,,
PR_003,5,2.0,4.17,4.17, ,0.33,0.33,,,
PR_003,5,2.1,4.01,4.01, ,0.35,0.35,,,
PR_003,5,2.2,3.87,3.87, ,0.38,0.38,,,
PR_003,5,2.3,3.74,3.74, ,0.42,0.42,,,
PR_003,5,2.4,3.63,3.63, ,0.45,0.45,,,
PR_003,5,2.5,3.52,3.52, ,0.49,0.49,,,
PR_003,5,2.6,3.43,3.43, ,0.52,0.52,,,
PR_003,5,2.7,3.34,3.34, ,0.57,0.57,,,
PR_003,5,2.8,3.26,3.26, ,0.61,0.61,,,
PR_003,5,2.9,3.19,3.19, ,0.65,0.65,,,
PR_003,5,3.0,3.13,3.13, ,0.70,0.70,,,
PR_003,5,3.1,3.07,3.07, ,0.75,0.75,,,
PR_003,5.5,0.8,11.52,11.52, ,0.09,0.09,,,
PR_003,5.5,0.9,10.28,10.28, ,0.10,0.10,,,
PR_003,5.5,1.0,9.29,9.29, ,0.11,0.11,,,
PR_003,5.5,1.1,8.49,8.49, ,0.13,0.13,,,
PR_003,5.5,1.2,7.82,7.82, ,0.14,0.14,,,
PR_003,5.5,1.3,7.26,7.26, ,0.16,0.16,,,
PR_003,5.5,1.4,6.78,6.78, ,0.18,0.18,,,
PR_003,5.5,1.5,6.37,6.37, ,0.20,0.20,,,
PR_003,5.5,1.6,6.01,6.01, ,0.22,0.22,,,
PR_003,5.5,1.7,5.70,5.70, ,0.24,0.24,,,
PR_003,5.5,1.8,5.42,5.42, ,0.26,0.26,,,
PR_003,5.5,1.9,5.18,5.18, ,0.28,0.28,,,
PR_003,5.5,2.0,4.96,4.96, ,0.31,0.31,,,
PR_003,5.5,2.1,4.76,4.76, ,0.33,0.33,,,
PR_003,5.5,2.2,4.59,4.59, ,0.36,0.36,,,
PR_003,5.5,2.3,4.43,4.43, ,0.39,0.39,,,
PR_003,5.5,2.4,4.28,4.28, ,0.42,0.42,,,
PR_003,5.5,2.5,4.15,4.15, ,0.45,0.45,,,
PR_003,5.5,2.6,4.04,4.04, ,0.48,0.48,,,
PR_003,5.5,2.7,3.93,3.93, ,0.52,0.52,,,
PR_003,5.5,2.8,3.83,3.83, ,0.55,0.55,,,
PR_003,5.5,2.9,3.74,3.74, ,0.59,0.59,,,
PR_003,5.5,3.0,3.65,3.65, ,0.63,0.63,,,
PR_003,5.5,3.1,3.58,3.58, ,0.68,0.68,,,
PR_003,6,0.8,13.68,13.68, ,0.08,0.08,,,
PR_003,6,0.9,12.20,12.20, ,0.10,0.10,,,
PR_003,6,1.0,11.02,11.02, ,0.11,0.11,,,
PR_003,6,1.1,10.06,10.06, ,0.12,0.12,,,
PR_003,6,1.2,9.26,9.26, ,0.14,0.14,,,
PR_003,6,1.3,8.59,8.59, ,0.16,0.16,,,
PR_003,6,1.4,8.01,8.01, ,0.17,0.17,,,
PR_003,6,1.5,7.52,7.52, ,0.19,0.19,,,
PR_003,6,1.6,7.09,7.09, ,0.21,0.21,,,
PR_003,6,1.7,6.71,6.71, ,0.23,0.23,,,
PR_003,6,1.8,6.38,6.38, ,0.25,0.25,,,
PR_003,6,1.9,6.09,6.09, ,0.27,0.27,,,
PR_003,6,2.0,5.82,5.82, ,0.29,0.29,,,
PR_003,6,2.1,5.59,5.59, ,0.31,0.31,,,
PR_003,6,2.2,5.37,5.37, ,0.34,0.34,,,
PR_003,6,2.3,5.18,5.18, ,0.36,0.36,,,
PR_003,6,2.4,5.00,5.00, ,0.39,0.39,,,
PR_003,6,2.5,4.84,4.84, ,0.42,0.42,,,
PR_003,6,2.6,4.70,4.70, ,0.45,0.45,,,
PR_003,6,2.7,4.57,4.57, ,0.48,0.48,,,
PR_003,6,2.8,4.44,4.44, ,0.51,0.51,,,
PR_003,6,2.9,4.33,4.33, ,0.55,0.55,,,
PR_003,6,3.0,4.23,4.23, ,0.58,0.58,,,
PR_003,6,3.1,4.13,4.13, ,0.62,0.62,,,
PR_003,6.5,0.8,16.03,16.03, ,0.08,0.08,,,
PR_003,6.5,0.9,14.28,14.28, ,0.09,0.09,,,
PR_003,6.5,1.0,12.90,12.90, ,0.11,0.11,,,
PR_003,6.5,1.1,11.76,11.76, ,0.12,0.12,,,
PR_003,6.5,1.2,10.82,10.82, ,0.14,0.14,,,
PR_003,6.5,1.3,10.03,10.03, ,0.15,0.15,,,
PR_003,6.5,1.4,9.35,9.35, ,0.17,0.17,,,
PR_003,6.5,1.5,8.77,8.77, ,0.18,0.18,,,
PR_003,6.5,1.6,8.26,8.26, ,0.20,0.20,,,
PR_003,6.5,1.7,7.82,7.82, ,0.22,0.22,,,
PR_003,6.5,1.8,7.42,7.42, ,0.24,0.24,,,
PR_003,6.5,1.9,7.07,7.07, ,0.26,0.26,,,
PR_003,6.5,2.0,6.76,6.76, ,0.28,0.28,,,
PR_003,6.5,2.1,6.48,6.48, ,0.30,0.30,,,
PR_003,6.5,2.2,6.22,6.22, ,0.32,0.32,,,
PR_003,6.5,2.3,6.00,6.00, ,0.35,0.35,,,
PR_003,6.5,2.4,5.79,5.79, ,0.37,0.37,,,
PR_003,6.5,2.5,5.60,5.60, ,0.40,0.40,,,
PR_003,6.5,2.6,5.42,5.42, ,0.42,0.42,,,
PR_003,6.5,2.7,5.26,5.26, ,0.45,0.45,,,
PR_003,6.5,2.8,5.11,5.11, ,0.48,0.48,,,
PR_003,6.5,2.9,4.98,4.98, ,0.51,0.51,,,
PR_003,6.5,3.0,4.85,4.85, ,0.55,0.55,,,
PR_003,6.5,3.1,4.74,4.74, ,0.58,0.58,,,
PR_003,7,0.8,18.56,18.56, ,0.08,0.08,,,
PR_003,7,0.9,16.54,16.54, ,0.09,0.09,,,
PR_003,7,1.0,14.92,14.92, ,0.11,0.11,,,
PR_003,7,1.1,13.61,13.61, ,0.12,0.12,,,
PR_003,7,1.2,12.51,12.51, ,0.13,0.13,,,
PR_003,7,1.3,11.59,11.59, ,0.15,0.15,,,
PR_003,7,1.4,10.80,10.80, ,0.16,0.16,,,
PR_003,7,1.5,10.12,10.12, ,0.18,0.18,,,
PR_003,7,1.6,9.53,9.53, ,0.20,0.20,,,
PR_003,7,1.7,9.01,9.01, ,0.21,0.21,,,
PR_003,7,1.8,8.55,8.55, ,0.23,0.23,,,
PR_003,7,1.9,8.14,8.14, ,0.25,0.25,,,
PR_003,7,2.0,7.77,7.77, ,0.27,0.27,,,
PR_003,7,2.1,7.44,7.44, ,0.29,0.29,,,
PR_003,7,2.2,7.15,7.15, ,0.31,0.31,,,
PR_003,7,2.3,6.88,6.88, ,0.33,0.33,,,
PR_003,7,2.4,6.63,6.63, ,0.36,0.36,,,
PR_003,7,2.5,6.41,6.41, ,0.38,0.38,,,
PR_003,7,2.6,6.20,6.20, ,0.40,0.40,,,
PR_003,7,2.7,6.01,6.01, ,0.43,0.43,,,
PR_003,7,2.8,5.84,5.84, ,0.46,0.46,,,
PR_003,7,2.9,5.68,5.68, ,0.49,0.49,,,
PR_003,7,3.0,5.53,5.53, ,0.51,0.51,,,
PR_003,7,3.1,5.39,5.39, ,0.55,0.55,,,
PR_003,7.5,0.8,21.28,21.28, ,0.08,0.08,,,
PR_003,7.5,0.9,18.96,18.96, ,0.09,0.09,,,
PR_003,7.5,1.0,17.10,17.10, ,0.10,0.10,,,
PR_003,7.5,1.1,15.59,15.59, ,0.12,0.12,,,
PR_003,7.5,1.2,14.33,14.33, ,0.13,0.13,,,
PR_003,7.5,1.3,13.26,13.26, ,0.14,0.14,,,
PR_003,7.5,1.4,12.36,12.36, ,0.16,0.16,,,
PR_003,7.5,1.5,11.57,11.57, ,0.17,0.17,,,
PR_003,7.5,1.6,10.89,10.89, ,0.19,0.19,,,
PR_003,7.5,1.7,10.29,10.29, ,0.21,0.21,,,
PR_003,7.5,1.8,9.76,9.76, ,0.22,0.22,,,
PR_003,7.5,1.9,9.29,9.29, ,0.24,0.24,,,
PR_003,7.5,2.0,8.86,8.86, ,0.26,0.26,,,
PR_003,7.5,2.1,8.48,8.48, ,0.28,0.28,,,
PR_003,7.5,2.2,8.14,8.14, ,0.30,0.30,,,
PR_003,7.5,2.3,7.82,7.82, ,0.32,0.32,,,
PR_003,7.5,2.4,7.54,7.54, ,0.34,0.34,,,
PR_003,7.5,2.5,7.28,7.28, ,0.36,0.36,,,
PR_003,7.5,2.6,7.04,7.04, ,0.39,0.39,,,
PR_003,7.5,2.7,6.82,6.82, ,0.41,0.41,,,
PR_003,7.5,2.8,6.62,6.62, ,0.44,0.44,,,
PR_003,7.5,2.9,6.43,6.43, ,0.46,0.46,,,
PR_003,7.5,3.0,6.26,6.26, ,0.49,0.49,,,
PR_003,7.5,3.1,6.09,6.09, ,0.52,0.52,,,
PR_003,8,0.8,24.19,24.19, ,0.08,0.08,,,
PR_003,8,0.9,21.54,21.54, ,0.09,0.09,,,
PR_003,8,1.0,19.43,19.43, ,0.10,0.10,,,
PR_003,8,1.1,17.70,17.70, ,0.12,0.12,,,
PR_003,8,1.2,16.27,16.27, ,0.13,0.13,,,
PR_003,8,1.3,15.05,15.05, ,0.14,0.14,,,
PR_003,8,1.4,14.02,14.02, ,0.16,0.16,,,
PR_003,8,1.5,13.12,13.12, ,0.17,0.17,,,
PR_003,8,1.6,12.34,12.34, ,0.19,0.19,,,
PR_003,8,1.7,11.66,11.66, ,0.20,0.20,,,
PR_003,8,1.8,11.05,11.05, ,0.22,0.22,,,
PR_003,8,1.9,10.51,10.51, ,0.24,0.24,,,
PR_003,8,2.0,10.03,10.03, ,0.25,0.25,,,
PR_003,8,2.1,9.59,9.59, ,0.27,0.27,,,
PR_003,8,2.2,9.19,9.19, ,0.29,0.29,,,
PR_003,8,2.3,8.83,8.83, ,0.31,0.31,,,
PR_003,8,2.4,8.51,8.51, ,0.33,0.33,,,
PR_003,8,2.5,8.21,8.21, ,0.35,0.35,,,
PR_003,8,2.6,7.93,7.93, ,0.37,0.37,,,
PR_003,8,2.7,7.68,7.68, ,0.40,0.40,,,
PR_003,8,2.8,7.45,7.45, ,0.42,0.42,,,
PR_003,8,2.9,7.23,7.23, ,0.44,0.44,,,
PR_003,8,3.0,7.03,7.03, ,0.47,0.47,,,
PR_003,8,3.1,6.84,6.84, ,0.50,0.50,,,
PR_003,8.5,0.8,27.29,27.29, ,0.08,0.08,,,
PR_003,8.5,0.9,24.29,24.29, ,0.09,0.09,,,
PR_003,8.5,1.0,21.90,21.90, ,0.10,0.10,,,
PR_003,8.5,1.1,19.95,19.95, ,0.11,0.11,,,
PR_003,8.5,1.2,18.33,18.33, ,0.13,0.13,,,
PR_003,8.5,1.3,16.96,16.96, ,0.14,0.14,,,
PR_003,8.5,1.4,15.79,15.79, ,0.15,0.15,,,
PR_003,8.5,1.5,14.78,14.78, ,0.17,0.17,,,
PR_003,8.5,1.6,13.89,13.89, ,0.18,0.18,,,
PR_003,8.5,1.7,13.12,13.12, ,0.20,0.20,,,
PR_003,8.5,1.8,12.43,12.43, ,0.21,0.21,,,
PR_003,8.5,1.9,11.81,11.81, ,0.23,0.23,,,
PR_003,8.5,2.0,11.26,11.26, ,0.25,0.25,,,
PR_003,8.5,2.1,10.77,10.77, ,0.26,0.26,,,
PR_003,8.5,2.2,10.32,10.32, ,0.28,0.28,,,
PR_003,8.5,2.3,9.91,9.91, ,0.30,0.30,,,
PR_003,8.5,2.4,9.54,9.54, ,0.32,0.32,,,
PR_003,8.5,2.5,9.20,9.20, ,0.34,0.34,,,
PR_003,8.5,2.6,8.89,8.89, ,0.36,0.36,,,
PR_003,8.5,2.7,8.60,8.60, ,0.38,0.38,,,
PR_003,8.5,2.8,8.33,8.33, ,0.40,0.40,,,
PR_003,8.5,2.9,8.09,8.09, ,0.43,0.43,,,
PR_003,8.5,3.0,7.86,7.86, ,0.45,0.45,,,
PR_003,8.5,3.1,7.64,7.64, ,0.48,0.48,,,
PR_003,9,0.8,30.57,30.57, ,0.08,0.08,,,
PR_003,9,0.9,27.21,27.21, ,0.09,0.09,,,
PR_003,9,1.0,24.53,24.53, ,0.10,0.10,,,
PR_003,9,1.1,22.34,22.34, ,0.11,0.11,,,
PR_003,9,1.2,20.52,20.52, ,0.13,0.13,,,
PR_003,9,1.3,18.98,18.98, ,0.14,0.14,,,
PR_003,9,1.4,17.67,17.67, ,0.15,0.15,,,
PR_003,9,1.5,16.53,16.53, ,0.17,0.17,,,
PR_003,9,1.6,15.54,15.54, ,0.18,0.18,,,
PR_003,9,1.7,14.66,14.66, ,0.19,0.19,,,
PR_003,9,1.8,13.89,13.89, ,0.21,0.21,,,
PR_003,9,1.9,13.20,13.20, ,0.23,0.23,,,
PR_003,9,2.0,12.58,12.58, ,0.24,0.24,,,
PR_003,9,2.1,12.02,12.02, ,0.26,0.26,,,
PR_003,9,2.2,11.51,11.51, ,0.28,0.28,,,
PR_003,9,2.3,11.05,11.05, ,0.29,0.29,,,
PR_003,9,2.4,10.63,10.63, ,0.31,0.31,,,
PR_003,9,2.5,10.25,10.25, ,0.33,0.33,,,
PR_003,9,2.6,9.90,9.90, ,0.35,0.35,,,
PR_003,9,2.7,9.57,9.57, ,0.37,0.37,,,
PR_003,9,2.8,9.27,9.27, ,0.39,0.39,,,
PR_003,9,2.9,8.99,8.99, ,0.41,0.41,,,
PR_003,9,3.0,8.73,8.73, ,0.44,0.44,,,
PR_003,9,3.1,8.49,8.49, ,0.46,0.46,,,
PR_003,9.5,0.8,34.04,34.04, ,0.08,0.08,,,
PR_003,9.5,0.9,30.30,30.30, ,0.09,0.09,,,
PR_003,9.5,1.0,27.31,27.31, ,0.10,0.10,,,
PR_003,9.5,1.1,24.87,24.87, ,0.11,0.11,,,
PR_003,9.5,1.2,22.83,22.83, ,0.12,0.12,,,
PR_003,9.5,1.3,21.12,21.12, ,0.14,0.14,,,
PR_003,9.5,1.4,19.65,19.65, ,0.15,0.15,,,
PR_003,9.5,1.5,18.38,18.38, ,0.16,0.16,,,
PR_003,9.5,1.6,17.27,17.27, ,0.18,0.18,,,
PR_003,9.5,1.7,16.30,16.30, ,0.19,0.19,,,
PR_003,9.5,1.8,15.43,15.43, ,0.21,0.21,,,
PR_003,9.5,1.9,14.66,14.66, ,0.22,0.22,,,
PR_003,9.5,2.0,13.97,13.97, ,0.24,0.24,,,
PR_003,9.5,2.1,13.34,13.34, ,0.25,0.25,,,
PR_003,9.5,2.2,12.78,12.78, ,0.27,0.27,,,
PR_003,9.5,2.3,12.26,12.26, ,0.29,0.29,,,
PR_003,9.5,2.4,11.79,11.79, ,0.31,0.31,,,
PR_003,9.5,2.5,11.36,11.36, ,0.32,0.32,,,
PR_003,9.5,2.6,10.96,10.96, ,0.34,0.34,,,
PR_003,9.5,2.7,10.60,10.60, ,0.36,0.36,,,
PR_003,9.5,2.8,10.26,10.26, ,0.38,0.38,,,
PR_003,9.5,2.9,9.95,9.95, ,0.40,0.40,,,
PR_003,9.5,3.0,9.66,9.66, ,0.42,0.42,,,
PR_003,9.5,3.1,9.39,9.39, ,0.45,0.45,,,
PR_003,10,0.8,37.70,37.70, ,0.08,0.08,,,
PR_003,10,0.9,33.55,33.55, ,0.09,0.09,,,
PR_003,10,1.0,30.24,30.24, ,0.10,0.10,,,
PR_003,10,1.1,27.53,27.53, ,0.11,0.11,,,
PR_003,10,1.2,25.27,25.27, ,0.12,0.12,,,
PR_003,10,1.3,23.37,23.37, ,0.13,0.13,,,
PR_003,10,1.4,21.74,21.74, ,0.15,0.15,,,
PR_003,10,1.5,20.33,20.33, ,0.16,0.16,,,
PR_003,10,1.6,19.10,19.10, ,0.17,0.17,,,
PR_003,10,1.7,18.02,18.02, ,0.19,0.19,,,
PR_003,10,1.8,17.06,17.06, ,0.20,0.20,,,
PR_003,10,1.9,16.20,16.20, ,0.22,0.22,,,
PR_003,10,2.0,15.43,15.43, ,0.23,0.23,,,
PR_003,10,2.1,14.74,14.74, ,0.25,0.25,,,
PR_003,10,2.2,14.11,14.11, ,0.27,0.27,,,
PR_003,10,2.3,13.54,13.54, ,0.28,0.28,,,
PR_003,10,2.4,13.01,13.01, ,0.30,0.30,,,
PR_003,10,2.5,12.53,12.53, ,0.32,0.32,,,
PR_003,10,2.6,12.09,12.09, ,0.33,0.33,,,
PR_003,10,2.7,11.68,11.68, ,0.35,0.35,,,
PR_003,10,2.8,11.31,11.31, ,0.37,0.37,,,
PR_003,10,2.9,10.96,10.96, ,0.39,0.39,,,
PR_003,10,3.0,10.63,10.63, ,0.41,0.41,,,
PR_003,10,3.1,10.33,10.33, ,0.43,0.43,,,
PR_004,3,0.8,7.67,7.67, ,0.30,0.30,,,
PR_004,3,0.9,6.84,6.84, ,0.35,0.35,,,
PR_004,3,1.0,6.17,6.17, ,0.39,0.39,,,
PR_004,3,1.1,5.63,5.63, ,0.44,0.44,,,
PR_004,3,1.2,5.18,5.18, ,0.49,0.49,,,
PR_004,3,1.3,4.80,4.80, ,0.54,0.54,,,
PR_004,3,1.4,4.47,4.47, ,0.59,0.59,,,
PR_004,3,1.5,4.19,4.19, ,0.65,0.65,,,
PR_004,3,1.6,3.95,3.95, ,0.70,0.70,,,
PR_004,3,1.7,3.73,3.73, ,0.76,0.76,,,
PR_004,3,1.8,3.54,3.54, ,0.81,0.81,,,
PR_004,3,1.9,3.38,3.38, ,0.87,0.87,,,
PR_004,3,2.0,3.23,3.23, ,0.93,0.93,,,
PR_004,3,2.1,3.09,3.09, ,0.99,0.99,,,
PR_004,3,2.2,2.97,2.97, ,1.05,1.05,,,
PR_004,3,2.3,2.86,2.86, ,1.10,1.10,,,
PR_004,3,2.4,2.76,2.76, ,1.16,1.16,,,
PR_004,3,2.5,2.66,2.66, ,1.22,1.22,,,
PR_004,3,2.6,2.58,2.58, ,1.28,1.28,,,
PR_004,3,2.7,2.50,2.50, ,1.34,1.34,,,
PR_004,3,2.8,2.43,2.43, ,1.39,1.39,,,
PR_004,3,2.9,2.36,2.36, ,1.45,1.45,,,
PR_004,3,3.0,2.30,2.30, ,1.50,1.50,,,
PR_004,3,3.1,2.25,2.25, ,1.55,1.55,,,
PR_004,3.5,0.8,10.42,10.42, ,0.29,0.29,,,
PR_004,3.5,0.9,9.28,9.28, ,0.34,0.34,,,
PR_004,3.5,1.0,8.37,8.37, ,0.38,0.38,,,
PR_004,3.5,1.1,7.63,7.63, ,0.43,0.43,,,
PR_004,3.5,1.2,7.01,7.01, ,0.47,0.47,,,
PR_004,3.5,1.3,6.49,6.49, ,0.52,0.52,,,
PR_004,3.5,1.4,6.04,6.04, ,0.57,0.57,,,
PR_004,3.5,1.5,5.66,5.66, ,0.62,0.62,,,
PR_004,3.5,1.6,5.32,5.32, ,0.67,0.67,,,
PR_004,3.5,1.7,5.03,5.03, ,0.73,0.73,,,
PR_004,3.5,1.8,4.76,4.76, ,0.78,0.78,,,
PR_004,3.5,1.9,4.53,4.53, ,0.83,0.83,,,
PR_004,3.5,2.0,4.32,4.32, ,0.89,0.89,,,
PR_004,3.5,2.1,4.14,4.14, ,0.95,0.95,,,
PR_004,3.5,2.2,3.97,3.97, ,1.00,1.00,,,
PR_004,3.5,2.3,3.81,3.81, ,1.06,1.06,,,
PR_004,3.5,2.4,3.67,3.67, ,1.12,1.12,,,
PR_004,3.5,2.5,3.54,3.54, ,1.18,1.18,,,
PR_004,3.5,2.6,3.42,3.42, ,1.24,1.24,,,
PR_004,3.5,2.7,3.31,3.31, ,1.30,1.30,,,
PR_004,3.5,2.8,3.21,3.21, ,1.36,1.36,,,
PR_004,3.5,2.9,3.12,3.12, ,1.42,1.42,,,
PR_004,3.5,3.0,3.04,3.04, ,1.48,1.48,,,
PR_004,3.5,3.1,2.96,2.96, ,1.53,1.53,,,
PR_004,4,0.8,13.59,13.59, ,0.29,0.29,,,
PR_004,4,0.9,12.09,12.09, ,0.33,0.33,,,
PR_004,4,1.0,10.90,10.90, ,0.37,0.37,,,
PR_004,4,1.1,9.93,9.93, ,0.42,0.42,,,
PR_004,4,1.2,9.12,9.12, ,0.46,0.46,,,
PR_004,4,1.3,8.44,8.44, ,0.51,0.51,,,
PR_004,4,1.4,7.85,7.85, ,0.56,0.56,,,
PR_004,4,1.5,7.35,7.35, ,0.60,0.60,,,
PR_004,4,1.6,6.90,6.90, ,0.65,0.65,,,
PR_004,4,1.7,6.52,6.52, ,0.70,0.70,,,
PR_004,4,1.8,6.17,6.17, ,0.75,0.75,,,
PR_004,4,1.9,5.87,5.87, ,0.81,0.81,,,
PR_004,4,2.0,5.59,5.59, ,0.86,0.86,,,
PR_004,4,2.1,5.34,5.34, ,0.91,0.91,,,
PR_004,4,2.2,5.12,5.12, ,0.97,0.97,,,
PR_004,4,2.3,4.91,4.91, ,1.03,1.03,,,
PR_004,4,2.4,4.73,4.73, ,1.08,1.08,,,
PR_004,4,2.5,4.56,4.56, ,1.14,1.14,,,
PR_004,4,2.6,4.40,4.40, ,1.20,1.20,,,
PR_004,4,2.7,4.25,4.25, ,1.26,1.26,,,
PR_004,4,2.8,4.12,4.12, ,1.32,1.32,,,
PR_004,4,2.9,4.00,4.00, ,1.37,1.37,,,
PR_004,4,3.0,3.88,3.88, ,1.43,1.43,,,
PR_004,4,3.1,3.77,3.77, ,1.49,1.49,,,
PR_004,4.5,0.8,17.18,17.18, ,0.29,0.29,,,
PR_004,4.5,0.9,15.28,15.28, ,0.33,0.33,,,
PR_004,4.5,1.0,13.77,13.77, ,0.37,0.37,,,
PR_004,4.5,1.1,12.54,12.54, ,0.41,0.41,,,
PR_004,4.5,1.2,11.51,11.51, ,0.45,0.45,,,
PR_004,4.5,1.3,10.64,10.64, ,0.50,0.50,,,
PR_004,4.5,1.4,9.90,9.90, ,0.54,0.54,,,
PR_004,4.5,1.5,9.26,9.26, ,0.59,0.59,,,
PR_004,4.5,1.6,8.70,8.70, ,0.64,0.64,,,
PR_004,4.5,1.7,8.20,8.20, ,0.69,0.69,,,
PR_004,4.5,1.8,7.77,7.77, ,0.73,0.73,,,
PR_004,4.5,1.9,7.38,7.38, ,0.79,0.79,,,
PR_004,4.5,2.0,7.03,7.03, ,0.84,0.84,,,
PR_004,4.5,2.1,6.71,6.71, ,0.89,0.89,,,
PR_004,4.5,2.2,6.42,6.42, ,0.94,0.94,,,
PR_004,4.5,2.3,6.16,6.16, ,1.00,1.00,,,
PR_004,4.5,2.4,5.92,5.92, ,1.05,1.05,,,
PR_004,4.5,2.5,5.70,5.70, ,1.11,1.11,,,
PR_004,4.5,2.6,5.50,5.50, ,1.16,1.16,,,
PR_004,4.5,2.7,5.32,5.32, ,1.22,1.22,,,
PR_004,4.5,2.8,5.15,5.15, ,1.28,1.28,,,
PR_004,4.5,2.9,4.99,4.99, ,1.33,1.33,,,
PR_004,4.5,3.0,4.84,4.84, ,1.39,1.39,,,
PR_004,4.5,3.1,4.70,4.70, ,1.45,1.45,,,
PR_004,5,0.8,21.19,21.19, ,0.28,0.28,,,
PR_004,5,0.9,18.85,18.85, ,0.32,0.32,,,
PR_004,5,1.0,16.98,16.98, ,0.36,0.36,,,
PR_004,5,1.1,15.46,15.46, ,0.40,0.40,,,
PR_004,5,1.2,14.19,14.19, ,0.45,0.45,,,
PR_004,5,1.3,13.11,13.11, ,0.49,0.49,,,
PR_004,5,1.4,12.19,12.19, ,0.53,0.53,,,
PR_004,5,1.5,11.40,11.40, ,0.58,0.58,,,
PR_004,5,1.6,10.70,10.70, ,0.62,0.62,,,
PR_004,5,1.7,10.09,10.09, ,0.67,0.67,,,
PR_004,5,1.8,9.55,9.55, ,0.72,0.72,,,
PR_004,5,1.9,9.07,9.07, ,0.77,0.77,,,
PR_004,5,2.0,8.63,8.63, ,0.82,0.82,,,
PR_004,5,2.1,8.24,8.24, ,0.87,0.87,,,
PR_004,5,2.2,7.88,7.88, ,0.92,0.92,,,
PR_004,5,2.3,7.56,7.56, ,0.97,0.97,,,
PR_004,5,2.4,7.26,7.26, ,1.02,1.02,,,
PR_004,5,2.5,6.99,6.99, ,1.08,1.08,,,
PR_004,5,2.6,6.74,6.74, ,1.13,1.13,,,
PR_004,5,2.7,6.51,6.51, ,1.18,1.18,,,
PR_004,5,2.8,6.29,6.29, ,1.24,1.24,,,
PR_004,5,2.9,6.09,6.09, ,1.30,1.30,,,
PR_004,5,3.0,5.91,5.91, ,1.35,1.35,,,
PR_004,5,3.1,5.74,5.74, ,1.41,1.41,,,
PR_004,5.5,0.8,25.62,25.62, ,0.28,0.28,,,
PR_004,5.5,0.9,22.79,22.79, ,0.32,0.32,,,
PR_004,5.5,1.0,20.53,20.53, ,0.36,0.36,,,
PR_004,5.5,1.1,18.68,18.68, ,0.40,0.40,,,
PR_004,5.5,1.2,17.14,17.14, ,0.44,0.44,,,
PR_004,5.5,1.3,15.84,15.84, ,0.48,0.48,,,
PR_004,5.5,1.4,14.73,14.73, ,0.52,0.52,,,
PR_004,5.5,1.5,13.76,13.76, ,0.57,0.57,,,
PR_004,5.5,1.6,12.92,12.92, ,0.61,0.61,,,
PR_004,5.5,1.7,12.18,12.18, ,0.66,0.66,,,
PR_004,5.5,1.8,11.52,11.52, ,0.70,0.70,,,
PR_004,5.5,1.9,10.93,10.93, ,0.75,0.75,,,
PR_004,5.5,2.0,10.40,10.40, ,0.80,0.80,,,
PR_004,5.5,2.1,9.93,9.93, ,0.85,0.85,,,
PR_004,5.5,2.2,9.49,9.49, ,0.90,0.90,,,
PR_004,5.5,2.3,9.10,9.10, ,0.95,0.95,,,
PR_004,5.5,2.4,8.74,8.74, ,1.00,1.00,,,
PR_004,5.5,2.5,8.41,8.41, ,1.05,1.05,,,
PR_004,5.5,2.6,8.10,8.10, ,1.10,1.10,,,
PR_004,5.5,2.7,7.82,7.82, ,1.16,1.16,,,
PR_004,5.5,2.8,7.56,7.56, ,1.21,1.21,,,
PR_004,5.5,2.9,7.32,7.32, ,1.26,1.26,,,
PR_004,5.5,3.0,7.09,7.09, ,1.32,1.32,,,
PR_004,5.5,3.1,6.88,6.88, ,1.38,1.38,,,
PR_004,6,0.8,30.48,30.48, ,0.28,0.28,,,
PR_004,6,0.9,27.11,27.11, ,0.32,0.32,,,
PR_004,6,1.0,24.41,24.41, ,0.35,0.35,,,
PR_004,6,1.1,22.21,22.21, ,0.39,0.39,,,
PR_004,6,1.2,20.38,20.38, ,0.43,0.43,,,
PR_004,6,1.3,18.83,18.83, ,0.48,0.48,,,
PR_004,6,1.4,17.50,17.50, ,0.52,0.52,,,
PR_004,6,1.5,16.35,16.35, ,0.56,0.56,,,
PR_004,6,1.6,15.35,15.35, ,0.60,0.60,,,
PR_004,6,1.7,14.46,14.46, ,0.65,0.65,,,
PR_004,6,1.8,13.68,13.68, ,0.69,0.69,,,
PR_004,6,1.9,12.98,12.98, ,0.74,0.74,,,
PR_004,6,2.0,12.35,12.35, ,0.79,0.79,,,
PR_004,6,2.1,11.78,11.78, ,0.83,0.83,,,
PR_004,6,2.2,11.26,11.26, ,0.88,0.88,,,
PR_004,6,2.3,10.79,10.79, ,0.93,0.93,,,
PR_004,6,2.4,10.36,10.36, ,0.98,0.98,,,
PR_004,6,2.5,9.96,9.96, ,1.03,1.03,,,
PR_004,6,2.6,9.59,9.59, ,1.08,1.08,,,
PR_004,6,2.7,9.26,9.26, ,1.13,1.13,,,
PR_004,6,2.8,8.95,8.95, ,1.18,1.18,,,
PR_004,6,2.9,8.66,8.66, ,1.24,1.24,,,
PR_004,6,3.0,8.38,8.38, ,1.29,1.29,,,
PR_004,6,3.1,8.13,8.13, ,1.35,1.35,,,
PR_004,6.5,0.8,35.75,35.75, ,0.28,0.28,,,
PR_004,6.5,0.9,31.80,31.80, ,0.31,0.31,,,
PR_004,6.5,1.0,28.64,28.64, ,0.35,0.35,,,
PR_004,6.5,1.1,26.05,26.05, ,0.39,0.39,,,
PR_004,6.5,1.2,23.90,23.90, ,0.43,0.43,,,
PR_004,6.5,1.3,22.08,22.08, ,0.47,0.47,,,
PR_004,6.5,1.4,20.52,20.52, ,0.51,0.51,,,
PR_004,6.5,1.5,19.17,19.17, ,0.55,0.55,,,
PR_004,6.5,1.6,17.99,17.99, ,0.60,0.60,,,
PR_004,6.5,1.7,16.95,16.95, ,0.64,0.64,,,
PR_004,6.5,1.8,16.02,16.02, ,0.68,0.68,,,
PR_004,6.5,1.9,15.20,15.20, ,0.73,0.73,,,
PR_004,6.5,2.0,14.46,14.46, ,0.77,0.77,,,
PR_004,6.5,2.1,13.79,13.79, ,0.82,0.82,,,
PR_004,6.5,2.2,13.18,13.18, ,0.87,0.87,,,
PR_004,6.5,2.3,12.62,12.62, ,0.91,0.91,,,
PR_004,6.5,2.4,12.12,12.12, ,0.96,0.96,,,
PR_004,6.5,2.5,11.65,11.65, ,1.01,1.01,,,
PR_004,6.5,2.6,11.22,11.22, ,1.06,1.06,,,
PR_004,6.5,2.7,10.82,10.82, ,1.11,1.11,,,
PR_004,6.5,2.8,10.45,10.45, ,1.16,1.16,,,
PR_004,6.5,2.9,10.11,10.11, ,1.21,1.21,,,
PR_004,6.5,3.0,9.79,9.79, ,1.27,1.27,,,
PR_004,6.5,3.1,9.49,9.49, ,1.32,1.32,,,
PR_004,7,0.8,41.45,41.45, ,0.27,0.27,,,
PR_004,7,0.9,36.87,36.87, ,0.31,0.31,,,
PR_004,7,1.0,33.20,33.20, ,0.35,0.35,,,
PR_004,7,1.1,30.20,30.20, ,0.39,0.39,,,
PR_004,7,1.2,27.70,27.70, ,0.43,0.43,,,
PR_004,7,1.3,25.59,25.59, ,0.47,0.47,,,
PR_004,7,1.4,23.78,23.78, ,0.51,0.51,,,
PR_004,7,1.5,22.21,22.21, ,0.55,0.55,,,
PR_004,7,1.6,20.84,20.84, ,0.59,0.59,,,
PR_004,7,1.7,19.63,19.63, ,0.63,0.63,,,
PR_004,7,1.8,18.56,18.56, ,0.68,0.68,,,
PR_004,7,1.9,17.60,17.60, ,0.72,0.72,,,
PR_004,7,2.0,16.74,16.74, ,0.76,0.76,,,
PR_004,7,2.1,15.96,15.96, ,0.81,0.81,,,
PR_004,7,2.2,15.25,15.25, ,0.85,0.85,,,
PR_004,7,2.3,14.61,14.61, ,0.90,0.90,,,
PR_004,7,2.4,14.02,14.02, ,0.95,0.95,,,
PR_004,7,2.5,13.47,13.47, ,1.00,1.00,,,
PR_004,7,2.6,12.97,12.97, ,1.04,1.04,,,
PR_004,7,2.7,12.51,12.51, ,1.09,1.09,,,
PR_004,7,2.8,12.08,12.08, ,1.14,1.14,,,
PR_004,7,2.9,11.68,11.68, ,1.19,1.19,,,
PR_004,7,3.0,11.31,11.31, ,1.24,1.24,,,
PR_004,7,3.1,10.97,10.97, ,1.30,1.30,,,
PR_004,7.5,0.8,47.58,47.58, ,0.27,0.27,,,
PR_004,7.5,0.9,42.31,42.31, ,0.31,0.31,,,
PR_004,7.5,1.0,38.09,38.09, ,0.35,0.35,,,
PR_004,7.5,1.1,34.65,34.65, ,0.38,0.38,,,
PR_004,7.5,1.2,31.78,31.78, ,0.42,0.42,,,
PR_004,7.5,1.3,29.35,29.35, ,0.46,0.46,,,
PR_004,7.5,1.4,27.27,27.27, ,0.50,0.50,,,
PR_004,7.5,1.5,25.47,25.47, ,0.54,0.54,,,
PR_004,7.5,1.6,23.90,23.90, ,0.58,0.58,,,
PR_004,7.5,1.7,22.51,22.51, ,0.63,0.63,,,
PR_004,7.5,1.8,21.28,21.28, ,0.67,0.67,,,
PR_004,7.5,1.9,20.18,20.18, ,0.71,0.71,,,
PR_004,7.5,2.0,19.19,19.19, ,0.76,0.76,,,
PR_004,7.5,2.1,18.29,18.29, ,0.80,0.80,,,
PR_004,7.5,2.2,17.48,17.48, ,0.84,0.84,,,
PR_004,7.5,2.3,16.74,16.74, ,0.89,0.89,,,
PR_004,7.5,2.4,16.06,16.06, ,0.94,0.94,,,
PR_004,7.5,2.5,15.43,15.43, ,0.98,0.98,,,
PR_004,7.5,2.6,14.86,14.86, ,1.03,1.03,,,
PR_004,7.5,2.7,14.32,14.32, ,1.08,1.08,,,
PR_004,7.5,2.8,13.83,13.83, ,1.13,1.13,,,
PR_004,7.5,2.9,13.37,13.37, ,1.18,1.18,,,
PR_004,7.5,3.0,12.95,12.95, ,1.22,1.22,,,
PR_004,7.5,3.1,12.55,12.55, ,1.27,1.27,,,
PR_004,8,0.8,54.12,54.12, ,0.27,0.27,,,
PR_004,8,0.9,48.13,48.13, ,0.31,0.31,,,
PR_004,8,1.0,43.33,43.33, ,0.34,0.34,,,
PR_004,8,1.1,39.41,39.41, ,0.38,0.38,,,
PR_004,8,1.2,36.14,36.14, ,0.42,0.42,,,
PR_004,8,1.3,33.38,33.38, ,0.46,0.46,,,
PR_004,8,1.4,31.01,31.01, ,0.50,0.50,,,
PR_004,8,1.5,28.96,28.96, ,0.54,0.54,,,
PR_004,8,1.6,27.17,27.17, ,0.58,0.58,,,
PR_004,8,1.7,25.59,25.59, ,0.62,0.62,,,
PR_004,8,1.8,24.19,24.19, ,0.66,0.66,,,
PR_004,8,1.9,22.93,22.93, ,0.70,0.70,,,
PR_004,8,2.0,21.80,21.80, ,0.75,0.75,,,
PR_004,8,2.1,20.78,20.78, ,0.79,0.79,,,
PR_004,8,2.2,19.86,19.86, ,0.83,0.83,,,
PR_004,8,2.3,19.01,19.01, ,0.88,0.88,,,
PR_004,8,2.4,18.24,18.24, ,0.92,0.92,,,
PR_004,8,2.5,17.53,17.53, ,0.97,0.97,,,
PR_004,8,2.6,16.87,16.87, ,1.02,1.02,,,
PR_004,8,2.7,16.26,16.26, ,1.06,1.06,,,
PR_004,8,2.8,15.70,15.70, ,1.11,1.11,,,
PR_004,8,2.9,15.18,15.18, ,1.16,1.16,,,
PR_004,8,3.0,14.69,14.69, ,1.21,1.21,,,
PR_004,8,3.1,14.23,14.23, ,1.26,1.26,,,
PR_004,8.5,0.8,61.09,61.09, ,0.27,0.27,,,
PR_004,8.5,0.9,54.32,54.32, ,0.31,0.31,,,
PR_004,8.5,1.0,48.90,48.90, ,0.34,0.34,,,
PR_004,8.5,1.1,44.48,44.48, ,0.38,0.38,,,
PR_004,8.5,1.2,40.79,40.79, ,0.42,0.42,,,
PR_004,8.5,1.3,37.67,37.67, ,0.46,0.46,,,
PR_004,8.5,1.4,35.00,35.00, ,0.50,0.50,,,
PR_004,8.5,1.5,32.68,32.68, ,0.53,0.53,,,
PR_004,8.5,1.6,30.66,30.66, ,0.57,0.57,,,
PR_004,8.5,1.7,28.87,28.87, ,0.62,0.62,,,
PR_004,8.5,1.8,27.28,27.28, ,0.66,0.66,,,
PR_004,8.5,1.9,25.87,25.87, ,0.70,0.70,,,
PR_004,8.5,2.0,24.59,24.59, ,0.74,0.74,,,
PR_004,8.5,2.1,23.44,23.44, ,0.78,0.78,,,
PR_004,8.5,2.2,22.39,22.39, ,0.83,0.83,,,
PR_004,8.5,2.3,21.44,21.44, ,0.87,0.87,,,
PR_004,8.5,2.4,20.56,20.56, ,0.91,0.91,,,
PR_004,8.5,2.5,19.76,19.76, ,0.96,0.96,,,
PR_004,8.5,2.6,19.01,19.01, ,1.01,1.01,,,
PR_004,8.5,2.7,18.33,18.33, ,1.05,1.05,,,
PR_004,8.5,2.8,17.69,17.69, ,1.10,1.10,,,
PR_004,8.5,2.9,17.10,17.10, ,1.14,1.14,,,
PR_004,8.5,3.0,16.55,16.55, ,1.19,1.19,,,
PR_004,8.5,3.1,16.03,16.03, ,1.24,1.24,,,
PR_004,9,0.8,68.48,68.48, ,0.27,0.27,,,
PR_004,9,0.9,60.89,60.89, ,0.30,0.30,,,
PR_004,9,1.0,54.82,54.82, ,0.34,0.34,,,
PR_004,9,1.1,49.85,49.85, ,0.38,0.38,,,
PR_004,9,1.2,45.71,45.71, ,0.42,0.42,,,
PR_004,9,1.3,42.22,42.22, ,0.45,0.45,,,
PR_004,9,1.4,39.22,39.22, ,0.49,0.49,,,
PR_004,9,1.5,36.62,36.62, ,0.53,0.53,,,
PR_004,9,1.6,34.35,34.35, ,0.57,0.57,,,
PR_004,9,1.7,32.35,32.35, ,0.61,0.61,,,
PR_004,9,1.8,30.57,30.57, ,0.65,0.65,,,
PR_004,9,1.9,28.98,28.98, ,0.69,0.69,,,
PR_004,9,2.0,27.55,27.55, ,0.73,0.73,,,
PR_004,9,2.1,26.25,26.25, ,0.78,0.78,,,
PR_004,9,2.2,25.08,25.08, ,0.82,0.82,,,
PR_004,9,2.3,24.01,24.01, ,0.86,0.86,,,
PR_004,9,2.4,23.02,23.02, ,0.91,0.91,,,
PR_004,9,2.5,22.12,22.12, ,0.95,0.95,,,
PR_004,9,2.6,21.29,21.29, ,1.00,1.00,,,
PR_004,9,2.7,20.52,20.52, ,1.04,1.04,,,
PR_004,9,2.8,19.80,19.80, ,1.09,1.09,,,
PR_004,9,2.9,19.14,19.14, ,1.13,1.13,,,
PR_004,9,3.0,18.52,18.52, ,1.18,1.18,,,
PR_004,9,3.1,17.94,17.94, ,1.23,1.23,,,
PR_004,9.5,0.8,76.29,76.29, ,0.27,0.27,,,
PR_004,9.5,0.9,67.83,67.83, ,0.30,0.30,,,
PR_004,9.5,1.0,61.07,61.07, ,0.34,0.34,,,
PR_004,9.5,1.1,55.53,55.53, ,0.38,0.38,,,
PR_004,9.5,1.2,50.92,50.92, ,0.41,0.41,,,
PR_004,9.5,1.3,47.02,47.02, ,0.45,0.45,,,
PR_004,9.5,1.4,43.68,43.68, ,0.49,0.49,,,
PR_004,9.5,1.5,40.79,40.79, ,0.53,0.53,,,
PR_004,9.5,1.6,38.26,38.26, ,0.57,0.57,,,
PR_004,9.5,1.7,36.02,36.02, ,0.61,0.61,,,
PR_004,9.5,1.8,34.04,34.04, ,0.65,0.65,,,
PR_004,9.5,1.9,32.27,32.27, ,0.69,0.69,,,
PR_004,9.5,2.0,30.67,30.67, ,0.73,0.73,,,
PR_004,9.5,2.1,29.23,29.23, ,0.77,0.77,,,
PR_004,9.5,2.2,27.92,27.92, ,0.81,0.81,,,
PR_004,9.5,2.3,26.72,26.72, ,0.86,0.86,,,
PR_004,9.5,2.4,25.63,25.63, ,0.90,0.90,,,
PR_004,9.5,2.5,24.62,24.62, ,0.94,0.94,,,
PR_004,9.5,2.6,23.69,23.69, ,0.99,0.99,,,
PR_004,9.5,2.7,22.83,22.83, ,1.03,1.03,,,
PR_004,9.5,2.8,22.04,22.04, ,1.08,1.08,,,
PR_004,9.5,2.9,21.29,21.29, ,1.12,1.12,,,
PR_004,9.5,3.0,20.60,20.60, ,1.17,1.17,,,
PR_004,9.5,3.1,19.96,19.96, ,1.21,1.21,,,
PR_004,10,0.8,84.52,84.52, ,0.27,0.27,,,
PR_004,10,0.9,75.15,75.15, ,0.30,0.30,,,
PR_004,10,1.0,67.65,67.65, ,0.34,0.34,,,
PR_004,10,1.1,61.52,61.52, ,0.37,0.37,,,
PR_004,10,1.2,56.41,56.41, ,0.41,0.41,,,
PR_004,10,1.3,52.09,52.09, ,0.45,0.45,,,
PR_004,10,1.4,48.39,48.39, ,0.49,0.49,,,
PR_004,10,1.5,45.18,45.18, ,0.53,0.53,,,
PR_004,10,1.6,42.37,42.37, ,0.56,0.56,,,
PR_004,10,1.7,39.90,39.90, ,0.60,0.60,,,
PR_004,10,1.8,37.70,37.70, ,0.64,0.64,,,
PR_004,10,1.9,35.73,35.73, ,0.68,0.68,,,
PR_004,10,2.0,33.96,33.96, ,0.72,0.72,,,
PR_004,10,2.1,32.37,32.37, ,0.76,0.76,,,
PR_004,10,2.2,30.91,30.91, ,0.81,0.81,,,
PR_004,10,2.3,29.59,29.59, ,0.85,0.85,,,
PR_004,10,2.4,28.37,28.37, ,0.89,0.89,,,
PR_004,10,2.5,27.26,27.26, ,0.93,0.93,,,
PR_004,10,2.6,26.23,26.23, ,0.98,0.98,,,
PR_004,10,2.7,25.27,25.27, ,1.02,1.02,,,
PR_004,10,2.8,24.39,24.39, ,1.07,1.07,,,
PR_004,10,2.9,23.56,23.56, ,1.11,1.11,,,
PR_004,10,3.0,22.80,22.80, ,1.16,1.16,,,
PR_004,10,3.1,22.08,22.08, ,1.20,1.20,,,
PR_005,3,0.8,2.87,14.37, ,0.20,0.20,,,
PR_005,3,0.9,2.60,12.78, ,0.23,0.23,,,
PR_005,3,1.0,2.39,11.51, ,0.27,0.27,,,
PR_005,3,1.1,2.22,10.48, ,0.31,0.31,,,
PR_005,3,1.2,2.09,9.61, ,0.35,0.35,,,
PR_005,3,1.3,1.98,8.88, ,0.39,0.39,,,
PR_005,3,1.4,1.89,8.26, ,0.43,0.43,,,
PR_005,3,1.5,1.81,7.72, ,0.47,0.47,,,
PR_005,3,1.6,1.75,7.24, ,0.52,0.52,,,
PR_005,3,1.7,1.70,6.83, ,0.57,0.57,,,
PR_005,3,1.8,1.66,6.46, ,0.62,0.62,,,
PR_005,3,1.9,1.62,6.13, ,0.68,0.68,,,
PR_005,3,2.0,1.59,5.83, ,0.74,0.74,,,
PR_005,3,2.1,1.57,5.56, ,0.80,0.80,,,
PR_005,3,2.2,1.55,5.32, ,0.86,0.86,,,
PR_005,3,2.3,1.53,5.10, ,0.92,0.92,,,
PR_005,3,2.4,1.52,4.89, ,0.99,0.99,,,
PR_005,3,2.5,1.51,4.71, ,1.06,1.06,,,
PR_005,3,2.6,1.51,4.54, ,1.14,1.14,,,
PR_005,3,2.7,1.50,4.38, ,1.22,1.22,,,
PR_005,3,2.8,1.50,4.23, ,1.30,1.30,,,
PR_005,3,2.9,1.50,4.10, ,1.41,1.41,,,
PR_005,3,3.0,1.50,3.97, ,1.50,1.50,,,
PR_005,3,3.1,0.00,0.00, ,0.00,0.00,,,
PR_005,3.5,0.8,3.83,19.54, ,0.19,0.19,,,
PR_005,3.5,0.9,3.45,17.38, ,0.22,0.22,,,
PR_005,3.5,1.0,3.16,15.65, ,0.26,0.26,,,
PR_005,3.5,1.1,2.92,14.24, ,0.29,0.29,,,
PR_005,3.5,1.2,2.73,13.06, ,0.33,0.33,,,
PR_005,3.5,1.3,2.57,12.07, ,0.36,0.36,,,
PR_005,3.5,1.4,2.44,11.21, ,0.40,0.40,,,
PR_005,3.5,1.5,2.32,10.48, ,0.44,0.44,,,
PR_005,3.5,1.6,2.23,9.83, ,0.49,0.49,,,
PR_005,3.5,1.7,2.15,9.26, ,0.53,0.53,,,
PR_005,3.5,1.8,2.08,8.76, ,0.58,0.58,,,
PR_005,3.5,1.9,2.02,8.31, ,0.63,0.63,,,
PR_005,3.5,2.0,1.98,7.90, ,0.68,0.68,,,
PR_005,3.5,2.1,1.93,7.53, ,0.73,0.73,,,
PR_005,3.5,2.2,1.90,7.20, ,0.78,0.78,,,
PR_005,3.5,2.3,1.87,6.90, ,0.84,0.84,,,
PR_005,3.5,2.4,1.84,6.62, ,0.90,0.90,,,
PR_005,3.5,2.5,1.82,6.36, ,0.96,0.96,,,
PR_005,3.5,2.6,1.80,6.13, ,1.02,1.02,,,
PR_005,3.5,2.7,1.79,5.91, ,1.09,1.09,,,
PR_005,3.5,2.8,1.77,5.71, ,1.16,1.16,,,
PR_005,3.5,2.9,1.76,5.52, ,1.23,1.23,,,
PR_005,3.5,3.0,1.76,5.35, ,1.30,1.30,,,
PR_005,3.5,3.1,1.75,5.19, ,1.38,1.38,,,
PR_005,4,0.8,4.93,25.51, ,0.19,0.19,,,
PR_005,4,0.9,4.43,22.69, ,0.22,0.22,,,
PR_005,4,1.0,4.04,20.43, ,0.25,0.25,,,
PR_005,4,1.1,3.72,18.58, ,0.28,0.28,,,
PR_005,4,1.2,3.46,17.04, ,0.31,0.31,,,
PR_005,4,1.3,3.25,15.74, ,0.35,0.35,,,
PR_005,4,1.4,3.07,14.63, ,0.38,0.38,,,
PR_005,4,1.5,2.91,13.66, ,0.42,0.42,,,
PR_005,4,1.6,2.78,12.82, ,0.46,0.46,,,
PR_005,4,1.7,2.67,12.07, ,0.50,0.50,,,
PR_005,4,1.8,2.57,11.41, ,0.54,0.54,,,
PR_005,4,1.9,2.49,10.82, ,0.59,0.59,,,
PR_005,4,2.0,2.42,10.29, ,0.63,0.63,,,
PR_005,4,2.1,2.35,9.81, ,0.68,0.68,,,
PR_005,4,2.2,2.30,9.37, ,0.73,0.73,,,
PR_005,4,2.3,2.25,8.97, ,0.78,0.78,,,
PR_005,4,2.4,2.21,8.61, ,0.83,0.83,,,
PR_005,4,2.5,2.17,8.27, ,0.89,0.89,,,
PR_005,4,2.6,2.14,7.97, ,0.94,0.94,,,
PR_005,4,2.7,2.11,7.68, ,1.00,1.00,,,
PR_005,4,2.8,2.09,7.42, ,1.06,1.06,,,
PR_005,4,2.9,2.07,7.17, ,1.12,1.12,,,
PR_005,4,3.0,2.05,6.94, ,1.19,1.19,,,
PR_005,4,3.1,2.04,6.73, ,1.25,1.25,,,
PR_005,4.5,0.8,6.19,32.28, ,0.18,0.18,,,
PR_005,4.5,0.9,5.55,28.70, ,0.21,0.21,,,
PR_005,4.5,1.0,5.04,25.84, ,0.24,0.24,,,
PR_005,4.5,1.1,4.64,23.50, ,0.27,0.27,,,
PR_005,4.5,1.2,4.30,21.55, ,0.30,0.30,,,
PR_005,4.5,1.3,4.02,19.90, ,0.33,0.33,,,
PR_005,4.5,1.4,3.78,18.49, ,0.37,0.37,,,
PR_005,4.5,1.5,3.58,17.27, ,0.40,0.40,,,
PR_005,4.5,1.6,3.41,16.20, ,0.44,0.44,,,
PR_005,4.5,1.7,3.26,15.26, ,0.48,0.48,,,
PR_005,4.5,1.8,3.13,14.42, ,0.52,0.52,,,
PR_005,4.5,1.9,3.02,13.67, ,0.56,0.56,,,
PR_005,4.5,2.0,2.92,12.99, ,0.60,0.60,,,
PR_005,4.5,2.1,2.83,12.39, ,0.64,0.64,,,
PR_005,4.5,2.2,2.76,11.83, ,0.69,0.69,,,
PR_005,4.5,2.3,2.69,11.33, ,0.74,0.74,,,
PR_005,4.5,2.4,2.63,10.87, ,0.78,0.78,,,
PR_005,4.5,2.5,2.57,10.44, ,0.83,0.83,,,
PR_005,4.5,2.6,2.53,10.05, ,0.88,0.88,,,
PR_005,4.5,2.7,2.49,9.69, ,0.94,0.94,,,
PR_005,4.5,2.8,2.45,9.35, ,0.99,0.99,,,
PR_005,4.5,2.9,2.42,9.04, ,1.05,1.05,,,
PR_005,4.5,3.0,2.39,8.75, ,1.10,1.10,,,
PR_005,4.5,3.1,2.36,8.47, ,1.16,1.16,,,
PR_005,5,0.8,7.59,39.84, ,0.18,0.18,,,
PR_005,5,0.9,6.79,35.43, ,0.21,0.21,,,
PR_005,5,1.0,6.17,31.89, ,0.23,0.23,,,
PR_005,5,1.1,5.66,29.00, ,0.26,0.26,,,
PR_005,5,1.2,5.24,26.60, ,0.29,0.29,,,
PR_005,5,1.3,4.88,24.56, ,0.32,0.32,,,
PR_005,5,1.4,4.59,22.81, ,0.36,0.36,,,
PR_005,5,1.5,4.33,21.30, ,0.39,0.39,,,
PR_005,5,1.6,4.11,19.98, ,0.43,0.43,,,
PR_005,5,1.7,3.92,18.82, ,0.46,0.46,,,
PR_005,5,1.8,3.75,17.78, ,0.50,0.50,,,
PR_005,5,1.9,3.61,16.85, ,0.54,0.54,,,
PR_005,5,2.0,3.48,16.02, ,0.58,0.58,,,
PR_005,5,2.1,3.37,15.27, ,0.62,0.62,,,
PR_005,5,2.2,3.26,14.58, ,0.66,0.66,,,
PR_005,5,2.3,3.17,13.96, ,0.70,0.70,,,
PR_005,5,2.4,3.09,13.39, ,0.75,0.75,,,
PR_005,5,2.5,3.02,12.86, ,0.79,0.79,,,
PR_005,5,2.6,2.96,12.38, ,0.84,0.84,,,
PR_005,5,2.7,2.90,11.93, ,0.89,0.89,,,
PR_005,5,2.8,2.85,11.51, ,0.94,0.94,,,
PR_005,5,2.9,2.80,11.12, ,0.99,0.99,,,
PR_005,5,3.0,2.76,10.76, ,1.04,1.04,,,
PR_005,5,3.1,2.72,10.42, ,1.09,1.09,,,
PR_005,5.5,0.8,9.14,48.20, ,0.18,0.18,,,
PR_005,5.5,0.9,8.17,42.86, ,0.20,0.20,,,
PR_005,5.5,1.0,7.40,38.58, ,0.23,0.23,,,
PR_005,5.5,1.1,6.78,35.08, ,0.26,0.26,,,
PR_005,5.5,1.2,6.27,32.17, ,0.29,0.29,,,
PR_005,5.5,1.3,5.84,29.70, ,0.32,0.32,,,
PR_005,5.5,1.4,5.47,27.59, ,0.35,0.35,,,
PR_005,5.5,1.5,5.16,25.76, ,0.38,0.38,,,
PR_005,5.5,1.6,4.89,24.16, ,0.41,0.41,,,
PR_005,5.5,1.7,4.65,22.75, ,0.45,0.45,,,
PR_005,5.5,1.8,4.44,21.49, ,0.48,0.48,,,
PR_005,5.5,1.9,4.26,20.37, ,0.52,0.52,,,
PR_005,5.5,2.0,4.10,19.36, ,0.56,0.56,,,
PR_005,5.5,2.1,3.96,18.45, ,0.59,0.59,,,
PR_005,5.5,2.2,3.83,17.62, ,0.63,0.63,,,
PR_005,5.5,2.3,3.71,16.87, ,0.67,0.67,,,
PR_005,5.5,2.4,3.61,16.17, ,0.71,0.71,,,
PR_005,5.5,2.5,3.52,15.54, ,0.76,0.76,,,
PR_005,5.5,2.6,3.43,14.95, ,0.80,0.80,,,
PR_005,5.5,2.7,3.36,14.40, ,0.85,0.85,,,
PR_005,5.5,2.8,3.29,13.90, ,0.89,0.89,,,
PR_005,5.5,2.9,3.23,13.43, ,0.94,0.94,,,
PR_005,5.5,3.0,3.17,12.99, ,0.99,0.99,,,
PR_005,5.5,3.1,3.12,12.58, ,1.04,1.04,,,
PR_005,6,0.8,10.83,57.36, ,0.17,0.17,,,
PR_005,6,0.9,9.68,50.99, ,0.20,0.20,,,
PR_005,6,1.0,8.76,45.90, ,0.23,0.23,,,
PR_005,6,1.1,8.02,41.74, ,0.25,0.25,,,
PR_005,6,1.2,7.40,38.27, ,0.28,0.28,,,
PR_005,6,1.3,6.88,35.34, ,0.31,0.31,,,
PR_005,6,1.4,6.44,32.82, ,0.34,0.34,,,
PR_005,6,1.5,6.06,30.64, ,0.37,0.37,,,
PR_005,6,1.6,5.73,28.74, ,0.40,0.40,,,
PR_005,6,1.7,5.45,27.06, ,0.44,0.44,,,
PR_005,6,1.8,5.20,25.56, ,0.47,0.47,,,
PR_005,6,1.9,4.98,24.23, ,0.50,0.50,,,
PR_005,6,2.0,4.78,23.03, ,0.54,0.54,,,
PR_005,6,2.1,4.60,21.94, ,0.57,0.57,,,
PR_005,6,2.2,4.44,20.95, ,0.61,0.61,,,
PR_005,6,2.3,4.30,20.05, ,0.65,0.65,,,
PR_005,6,2.4,4.18,19.22, ,0.69,0.69,,,
PR_005,6,2.5,4.06,18.46, ,0.73,0.73,,,
PR_005,6,2.6,3.96,17.76, ,0.77,0.77,,,
PR_005,6,2.7,3.86,17.12, ,0.81,0.81,,,
PR_005,6,2.8,3.78,16.51, ,0.86,0.86,,,
PR_005,6,2.9,3.70,15.95, ,0.90,0.90,,,
PR_005,6,3.0,3.63,15.43, ,0.95,0.95,,,
PR_005,6,3.1,3.56,14.94, ,1.00,1.00,,,
PR_005,6.5,0.8,12.68,67.31, ,0.17,0.17,,,
PR_005,6.5,0.9,11.32,59.84, ,0.20,0.20,,,
PR_005,6.5,1.0,10.24,53.86, ,0.22,0.22,,,
PR_005,6.5,1.1,9.36,48.98, ,0.25,0.25,,,
PR_005,6.5,1.2,8.63,44.91, ,0.28,0.28,,,
PR_005,6.5,1.3,8.02,41.46, ,0.30,0.30,,,
PR_005,6.5,1.4,7.49,38.51, ,0.33,0.33,,,
PR_005,6.5,1.5,7.05,35.95, ,0.36,0.36,,,
PR_005,6.5,1.6,6.66,33.71, ,0.39,0.39,,,
PR_005,6.5,1.7,6.32,31.74, ,0.43,0.43,,,
PR_005,6.5,1.8,6.02,29.99, ,0.46,0.46,,,
PR_005,6.5,1.9,5.75,28.42, ,0.49,0.49,,,
PR_005,6.5,2.0,5.52,27.01, ,0.52,0.52,,,
PR_005,6.5,2.1,5.30,25.73, ,0.56,0.56,,,
PR_005,6.5,2.2,5.12,24.57, ,0.60,0.60,,,
PR_005,6.5,2.3,4.94,23.51, ,0.63,0.63,,,
PR_005,6.5,2.4,4.79,22.54, ,0.67,0.67,,,
PR_005,6.5,2.5,4.65,21.65, ,0.71,0.71,,,
PR_005,6.5,2.6,4.52,20.83, ,0.75,0.75,,,
PR_005,6.5,2.7,4.41,20.06, ,0.79,0.79,,,
PR_005,6.5,2.8,4.30,19.36, ,0.83,0.83,,,
PR_005,6.5,2.9,4.21,18.70, ,0.87,0.87,,,
PR_005,6.5,3.0,4.12,18.09, ,0.92,0.92,,,
PR_005,6.5,3.1,4.04,17.51, ,0.96,0.96,,,
PR_005,7,0.8,14.67,78.06, ,0.17,0.17,,,
PR_005,7,0.9,13.09,69.39, ,0.20,0.20,,,
PR_005,7,1.0,11.83,62.46, ,0.22,0.22,,,
PR_005,7,1.1,10.81,56.79, ,0.25,0.25,,,
PR_005,7,1.2,9.96,52.07, ,0.27,0.27,,,
PR_005,7,1.3,9.24,48.07, ,0.30,0.30,,,
PR_005,7,1.4,8.63,44.65, ,0.33,0.33,,,
PR_005,7,1.5,8.11,41.68, ,0.36,0.36,,,
PR_005,7,1.6,7.65,39.09, ,0.39,0.39,,,
PR_005,7,1.7,7.25,36.80, ,0.42,0.42,,,
PR_005,7,1.8,6.90,34.76, ,0.45,0.45,,,
PR_005,7,1.9,6.59,32.94, ,0.48,0.48,,,
PR_005,7,2.0,6.31,31.30, ,0.51,0.51,,,
PR_005,7,2.1,6.06,29.82, ,0.55,0.55,,,
PR_005,7,2.2,5.84,28.48, ,0.58,0.58,,,
PR_005,7,2.3,5.64,27.25, ,0.62,0.62,,,
PR_005,7,2.4,5.45,26.12, ,0.65,0.65,,,
PR_005,7,2.5,5.29,25.09, ,0.69,0.69,,,
PR_005,7,2.6,5.14,24.13, ,0.73,0.73,,,
PR_005,7,2.7,5.00,23.25, ,0.77,0.77,,,
PR_005,7,2.8,4.87,22.43, ,0.81,0.81,,,
PR_005,7,2.9,4.76,21.66, ,0.85,0.85,,,
PR_005,7,3.0,4.65,20.95, ,0.89,0.89,,,
PR_005,7,3.1,4.55,20.29, ,0.93,0.93,,,
PR_005,7.5,0.8,16.81,89.60, ,0.17,0.17,,,
PR_005,7.5,0.9,14.99,79.65, ,0.19,0.19,,,
PR_005,7.5,1.0,13.54,71.70, ,0.22,0.22,,,
PR_005,7.5,1.1,12.36,65.19, ,0.24,0.24,,,
PR_005,7.5,1.2,11.38,59.77, ,0.27,0.27,,,
PR_005,7.5,1.3,10.56,55.18, ,0.30,0.30,,,
PR_005,7.5,1.4,9.85,51.25, ,0.32,0.32,,,
PR_005,7.5,1.5,9.25,47.84, ,0.35,0.35,,,
PR_005,7.5,1.6,8.72,44.86, ,0.38,0.38,,,
PR_005,7.5,1.7,8.26,42.23, ,0.41,0.41,,,
PR_005,7.5,1.8,7.85,39.89, ,0.44,0.44,,,
PR_005,7.5,1.9,7.49,37.80, ,0.47,0.47,,,
PR_005,7.5,2.0,7.17,35.92, ,0.50,0.50,,,
PR_005,7.5,2.1,6.88,34.22, ,0.54,0.54,,,
PR_005,7.5,2.2,6.62,32.68, ,0.57,0.57,,,
PR_005,7.5,2.3,6.38,31.26, ,0.60,0.60,,,
PR_005,7.5,2.4,6.17,29.97, ,0.64,0.64,,,
PR_005,7.5,2.5,5.97,28.78, ,0.67,0.67,,,
PR_005,7.5,2.6,5.79,27.68, ,0.71,0.71,,,
PR_005,7.5,2.7,5.63,26.67, ,0.75,0.75,,,
PR_005,7.5,2.8,5.48,25.73, ,0.78,0.78,,,
PR_005,7.5,2.9,5.35,24.85, ,0.82,0.82,,,
PR_005,7.5,3.0,5.22,24.03, ,0.86,0.86,,,
PR_005,7.5,3.1,5.10,23.26, ,0.90,0.90,,,
PR_005,8,0.8,19.09,101.94, ,0.17,0.17,,,
PR_005,8,0.9,17.02,90.62, ,0.19,0.19,,,
PR_005,8,1.0,15.37,81.57, ,0.22,0.22,,,
PR_005,8,1.1,14.02,74.16, ,0.24,0.24,,,
PR_005,8,1.2,12.91,67.99, ,0.27,0.27,,,
PR_005,8,1.3,11.96,62.77, ,0.29,0.29,,,
PR_005,8,1.4,11.16,58.30, ,0.32,0.32,,,
PR_005,8,1.5,10.47,54.42, ,0.35,0.35,,,
PR_005,8,1.6,9.86,51.03, ,0.38,0.38,,,
PR_005,8,1.7,9.34,48.04, ,0.40,0.40,,,
PR_005,8,1.8,8.87,45.38, ,0.43,0.43,,,
PR_005,8,1.9,8.45,43.00, ,0.46,0.46,,,
PR_005,8,2.0,8.08,40.86, ,0.49,0.49,,,
PR_005,8,2.1,7.75,38.92, ,0.53,0.53,,,
PR_005,8,2.2,7.45,37.16, ,0.56,0.56,,,
PR_005,8,2.3,7.18,35.56, ,0.59,0.59,,,
PR_005,8,2.4,6.93,34.08, ,0.62,0.62,,,
PR_005,8,2.5,6.70,32.73, ,0.66,0.66,,,
PR_005,8,2.6,6.50,31.48, ,0.69,0.69,,,
PR_005,8,2.7,6.31,30.33, ,0.73,0.73,,,
PR_005,8,2.8,6.14,29.25, ,0.77,0.77,,,
PR_005,8,2.9,5.98,28.25, ,0.80,0.80,,,
PR_005,8,3.0,5.83,27.32, ,0.84,0.84,,,
PR_005,8,3.1,5.69,26.45, ,0.88,0.88,,,
PR_005,8.5,0.8,21.53,115.07, ,0.17,0.17,,,
PR_005,8.5,0.9,19.19,102.30, ,0.19,0.19,,,
PR_005,8.5,1.0,17.32,92.08, ,0.21,0.21,,,
PR_005,8.5,1.1,15.79,83.72, ,0.24,0.24,,,
PR_005,8.5,1.2,14.53,76.75, ,0.26,0.26,,,
PR_005,8.5,1.3,13.46,70.85, ,0.29,0.29,,,
PR_005,8.5,1.4,12.55,65.80, ,0.32,0.32,,,
PR_005,8.5,1.5,11.77,61.43, ,0.34,0.34,,,
PR_005,8.5,1.6,11.08,57.60, ,0.37,0.37,,,
PR_005,8.5,1.7,10.48,54.22, ,0.40,0.40,,,
PR_005,8.5,1.8,9.95,51.22, ,0.43,0.43,,,
PR_005,8.5,1.9,9.48,48.53, ,0.46,0.46,,,
PR_005,8.5,2.0,9.06,46.11, ,0.49,0.49,,,
PR_005,8.5,2.1,8.68,43.93, ,0.52,0.52,,,
PR_005,8.5,2.2,8.33,41.94, ,0.55,0.55,,,
PR_005,8.5,2.3,8.02,40.13, ,0.58,0.58,,,
PR_005,8.5,2.4,7.74,38.46, ,0.61,0.61,,,
PR_005,8.5,2.5,7.48,36.93, ,0.65,0.65,,,
PR_005,8.5,2.6,7.25,35.52, ,0.68,0.68,,,
PR_005,8.5,2.7,7.03,34.22, ,0.72,0.72,,,
PR_005,8.5,2.8,6.83,33.00, ,0.75,0.75,,,
PR_005,8.5,2.9,6.65,31.88, ,0.79,0.79,,,
PR_005,8.5,3.0,6.48,30.82, ,0.82,0.82,,,
PR_005,8.5,3.1,6.32,29.84, ,0.86,0.86,,,
PR_005,9,0.8,24.11,129.01, ,0.17,0.17,,,
PR_005,9,0.9,21.48,114.68, ,0.19,0.19,,,
PR_005,9,1.0,19.38,103.22, ,0.21,0.21,,,
PR_005,9,1.1,17.67,93.85, ,0.24,0.24,,,
PR_005,9,1.2,16.25,86.04, ,0.26,0.26,,,
PR_005,9,1.3,15.05,79.43, ,0.29,0.29,,,
PR_005,9,1.4,14.03,73.76, ,0.31,0.31,,,
PR_005,9,1.5,13.14,68.86, ,0.34,0.34,,,
PR_005,9,1.6,12.37,64.56, ,0.37,0.37,,,
PR_005,9,1.7,11.70,60.77, ,0.39,0.39,,,
PR_005,9,1.8,11.10,57.41, ,0.42,0.42,,,
PR_005,9,1.9,10.57,54.40, ,0.45,0.45,,,
PR_005,9,2.0,10.09,51.68, ,0.48,0.48,,,
PR_005,9,2.1,9.66,49.23, ,0.51,0.51,,,
PR_005,9,2.2,9.27,47.01, ,0.54,0.54,,,
PR_005,9,2.3,8.92,44.97, ,0.57,0.57,,,
PR_005,9,2.4,8.60,43.11, ,0.60,0.60,,,
PR_005,9,2.5,8.31,41.39, ,0.64,0.64,,,
PR_005,9,2.6,8.04,39.81, ,0.67,0.67,,,
PR_005,9,2.7,7.80,38.34, ,0.70,0.70,,,
PR_005,9,2.8,7.57,36.99, ,0.74,0.74,,,
PR_005,9,2.9,7.36,35.72, ,0.77,0.77,,,
PR_005,9,3.0,7.17,34.54, ,0.81,0.81,,,
PR_005,9,3.1,6.99,33.43, ,0.84,0.84,,,
PR_005,9.5,0.8,26.84,143.73, ,0.16,0.16,,,
PR_005,9.5,0.9,23.91,127.77, ,0.19,0.19,,,
PR_005,9.5,1.0,21.57,115.00, ,0.21,0.21,,,
PR_005,9.5,1.1,19.66,104.56, ,0.24,0.24,,,
PR_005,9.5,1.2,18.07,95.86, ,0.26,0.26,,,
PR_005,9.5,1.3,16.73,88.49, ,0.28,0.28,,,
PR_005,9.5,1.4,15.59,82.18, ,0.31,0.31,,,
PR_005,9.5,1.5,14.60,76.71, ,0.34,0.34,,,
PR_005,9.5,1.6,13.74,71.93, ,0.36,0.36,,,
PR_005,9.5,1.7,12.98,67.70, ,0.39,0.39,,,
PR_005,9.5,1.8,12.31,63.95, ,0.42,0.42,,,
PR_005,9.5,1.9,11.71,60.60, ,0.45,0.45,,,
PR_005,9.5,2.0,11.18,57.58, ,0.47,0.47,,,
PR_005,9.5,2.1,10.70,54.84, ,0.50,0.50,,,
PR_005,9.5,2.2,10.27,52.36, ,0.53,0.53,,,
PR_005,9.5,2.3,9.87,50.09, ,0.56,0.56,,,
PR_005,9.5,2.4,9.51,48.02, ,0.60,0.60,,,
PR_005,9.5,2.5,9.18,46.11, ,0.63,0.63,,,
PR_005,9.5,2.6,8.88,44.34, ,0.66,0.66,,,
PR_005,9.5,2.7,8.60,42.71, ,0.69,0.69,,,
PR_005,9.5,2.8,8.35,41.19, ,0.73,0.73,,,
PR_005,9.5,2.9,8.11,39.78, ,0.76,0.76,,,
PR_005,9.5,3.0,7.90,38.47, ,0.79,0.79,,,
PR_005,9.5,3.1,7.69,37.23, ,0.83,0.83,,,
PR_005,10,0.8,29.72,159.26, ,0.16,0.16,,,
PR_005,10,0.9,26.46,141.57, ,0.19,0.19,,,
PR_005,10,1.0,23.87,127.42, ,0.21,0.21,,,
PR_005,10,1.1,21.75,115.85, ,0.23,0.23,,,
PR_005,10,1.2,19.99,106.20, ,0.26,0.26,,,
PR_005,10,1.3,18.50,98.04, ,0.28,0.28,,,
PR_005,10,1.4,17.23,91.05, ,0.31,0.31,,,
PR_005,10,1.5,16.13,84.99, ,0.33,0.33,,,
PR_005,10,1.6,15.18,79.69, ,0.36,0.36,,,
PR_005,10,1.7,14.33,75.01, ,0.39,0.39,,,
PR_005,10,1.8,13.59,70.85, ,0.41,0.41,,,
PR_005,10,1.9,12.93,67.13, ,0.44,0.44,,,
PR_005,10,2.0,12.33,63.79, ,0.47,0.47,,,
PR_005,10,2.1,11.80,60.76, ,0.50,0.50,,,
PR_005,10,2.2,11.31,58.01, ,0.53,0.53,,,
PR_005,10,2.3,10.87,55.49, ,0.56,0.56,,,
PR_005,10,2.4,10.47,53.19, ,0.59,0.59,,,
PR_005,10,2.5,10.10,51.07, ,0.62,0.62,,,
PR_005,10,2.6,9.77,49.12, ,0.65,0.65,,,
PR_005,10,2.7,9.46,47.31, ,0.68,0.68,,,
PR_005,10,2.8,9.17,45.63, ,0.71,0.71,,,
PR_005,10,2.9,8.91,44.06, ,0.75,0.75,,,
PR_005,10,3.0,8.66,42.61, ,0.78,0.78,,,
PR_005,10,3.1,8.43,41.24, ,0.82,0.82,,,
PR_006,3,0.8,16.72,5.69, ,0.15,,,,
PR_006,3,0.9,14.87,5.08, ,0.15,,,,
PR_006,3,1.0,13.40,4.60, ,0.15,,,,
PR_006,3,1.1,12.19,4.20, ,0.15,,,,
PR_006,3,1.2,11.18,3.88, ,0.15,,,,
PR_006,3,1.3,10.33,3.60, ,0.15,,,,
PR_006,3,1.4,9.60,3.37, ,0.15,,,,
PR_006,3,1.5,8.97,3.17, ,0.15,,,,
PR_006,3,1.6,8.41,3.00, ,0.15,,,,
PR_006,3,1.7,7.93,2.84, ,0.15,,,,
PR_006,3,1.8,7.49,2.71, ,0.15,,,,
PR_006,3,1.9,7.11,2.59, ,0.15,,,,
PR_006,3,2.0,6.76,2.49, ,0.15,,,,
PR_006,3,2.1,6.45,2.39, ,0.15,,,,
PR_006,3,2.2,6.16,2.31, ,0.15,,,,
PR_006,3,2.3,5.90,2.23, ,0.15,,,,
PR_006,3,2.4,5.66,2.16, ,0.15,,,,
PR_006,3,2.5,5.45,2.10, ,0.15,,,,
PR_006,3,2.6,5.25,2.05, ,0.15,,,,
PR_006,3,2.7,5.06,2.00, ,0.15,,,,
PR_006,3,2.8,4.89,1.95, ,0.15,,,,
PR_006,3,2.9,4.73,1.91, ,0.15,,,,
PR_006,3,3.0,4.58,1.87, ,0.15,,,,
PR_006,3,3.1,4.44,1.83, ,0.15,,,,
PR_006,3.5,0.8,22.75,7.71, ,0.15,,,,
PR_006,3.5,0.9,20.23,6.87, ,0.15,,,,
PR_006,3.5,1.0,18.22,6.21, ,0.15,,,,
PR_006,3.5,1.1,16.57,5.67, ,0.15,,,,
PR_006,3.5,1.2,15.20,5.22, ,0.15,,,,
PR_006,3.5,1.3,14.04,4.84, ,0.15,,,,
PR_006,3.5,1.4,13.04,4.52, ,0.15,,,,
PR_006,3.5,1.5,12.18,4.24, ,0.15,,,,
PR_006,3.5,1.6,11.43,4.00, ,0.15,,,,
PR_006,3.5,1.7,10.76,3.79, ,0.15,,,,
PR_006,3.5,1.8,10.17,3.61, ,0.15,,,,
PR_006,3.5,1.9,9.65,3.44, ,0.15,,,,
PR_006,3.5,2.0,9.17,3.29, ,0.15,,,,
PR_006,3.5,2.1,8.74,3.16, ,0.15,,,,
PR_006,3.5,2.2,8.35,3.04, ,0.15,,,,
PR_006,3.5,2.3,8.00,2.93, ,0.15,,,,
PR_006,3.5,2.4,7.67,2.84, ,0.15,,,,
PR_006,3.5,2.5,7.38,2.75, ,0.15,,,,
PR_006,3.5,2.6,7.10,2.67, ,0.15,,,,
PR_006,3.5,2.7,6.85,2.59, ,0.15,,,,
PR_006,3.5,2.8,6.61,2.53, ,0.15,,,,
PR_006,3.5,2.9,6.39,2.46, ,0.15,,,,
PR_006,3.5,3.0,6.18,2.41, ,0.15,,,,
PR_006,3.5,3.1,5.99,2.35, ,0.15,,,,
PR_006,4,0.8,29.71,10.03, ,0.15,,,,
PR_006,4,0.9,26.41,8.94, ,0.15,,,,
PR_006,4,1.0,23.78,8.07, ,0.15,,,,
PR_006,4,1.1,21.63,7.36, ,0.15,,,,
PR_006,4,1.2,19.83,6.77, ,0.15,,,,
PR_006,4,1.3,18.32,6.28, ,0.15,,,,
PR_006,4,1.4,17.02,5.85, ,0.15,,,,
PR_006,4,1.5,15.89,5.49, ,0.15,,,,
PR_006,4,1.6,14.90,5.17, ,0.15,,,,
PR_006,4,1.7,14.04,4.89, ,0.15,,,,
PR_006,4,1.8,13.26,4.64, ,0.15,,,,
PR_006,4,1.9,12.57,4.42, ,0.15,,,,
PR_006,4,2.0,11.95,4.23, ,0.15,,,,
PR_006,4,2.1,11.39,4.05, ,0.15,,,,
PR_006,4,2.2,10.88,3.89, ,0.15,,,,
PR_006,4,2.3,10.42,3.74, ,0.15,,,,
PR_006,4,2.4,9.99,3.61, ,0.15,,,,
PR_006,4,2.5,9.60,3.49, ,0.15,,,,
PR_006,4,2.6,9.24,3.38, ,0.15,,,,
PR_006,4,2.7,8.91,3.28, ,0.15,,,,
PR_006,4,2.8,8.60,3.19, ,0.15,,,,
PR_006,4,2.9,8.31,3.11, ,0.15,,,,
PR_006,4,3.0,8.04,3.03, ,0.15,,,,
PR_006,4,3.1,7.79,2.95, ,0.15,,,,
PR_006,4.5,0.8,37.59,12.67, ,0.15,,,,
PR_006,4.5,0.9,33.42,11.29, ,0.15,,,,
PR_006,4.5,1.0,30.09,10.18, ,0.15,,,,
PR_006,4.5,1.1,27.36,9.28, ,0.15,,,,
PR_006,4.5,1.2,25.09,8.53, ,0.15,,,,
PR_006,4.5,1.3,23.17,7.90, ,0.15,,,,
PR_006,4.5,1.4,21.52,7.36, ,0.15,,,,
PR_006,4.5,1.5,20.09,6.89, ,0.15,,,,
PR_006,4.5,1.6,18.84,6.49, ,0.15,,,,
PR_006,4.5,1.7,17.74,6.13, ,0.15,,,,
PR_006,4.5,1.8,16.77,5.81, ,0.15,,,,
PR_006,4.5,1.9,15.89,5.53, ,0.15,,,,
PR_006,4.5,2.0,15.11,5.28, ,0.15,,,,
PR_006,4.5,2.1,14.40,5.05, ,0.15,,,,
PR_006,4.5,2.2,13.75,4.85, ,0.15,,,,
PR_006,4.5,2.3,13.16,4.66, ,0.15,,,,
PR_006,4.5,2.4,12.62,4.49, ,0.15,,,,
PR_006,4.5,2.5,12.12,4.34, ,0.15,,,,
PR_006,4.5,2.6,11.66,4.20, ,0.15,,,,
PR_006,4.5,2.7,11.24,4.06, ,0.15,,,,
PR_006,4.5,2.8,10.85,3.94, ,0.15,,,,
PR_006,4.5,2.9,10.48,3.83, ,0.15,,,,
PR_006,4.5,3.0,10.14,3.73, ,0.15,,,,
PR_006,4.5,3.1,9.82,3.63, ,0.15,,,,
PR_006,5,0.8,46.40,15.62, ,0.15,,,,
PR_006,5,0.9,41.25,13.91, ,0.15,,,,
PR_006,5,1.0,37.13,12.54, ,0.15,,,,
PR_006,5,1.1,33.77,11.43, ,0.15,,,,
PR_006,5,1.2,30.96,10.50, ,0.15,,,,
PR_006,5,1.3,28.59,9.71, ,0.15,,,,
PR_006,5,1.4,26.55,9.05, ,0.15,,,,
PR_006,5,1.5,24.79,8.47, ,0.15,,,,
PR_006,5,1.6,23.25,7.96, ,0.15,,,,
PR_006,5,1.7,21.89,7.52, ,0.15,,,,
PR_006,5,1.8,20.68,7.12, ,0.15,,,,
PR_006,5,1.9,19.60,6.77, ,0.15,,,,
PR_006,5,2.0,18.63,6.46, ,0.15,,,,
PR_006,5,2.1,17.75,6.18, ,0.15,,,,
PR_006,5,2.2,16.95,5.92, ,0.15,,,,
PR_006,5,2.3,16.22,5.69, ,0.15,,,,
PR_006,5,2.4,15.56,5.48, ,0.15,,,,
PR_006,5,2.5,14.94,5.28, ,0.15,,,,
PR_006,5,2.6,14.38,5.10, ,0.15,,,,
PR_006,5,2.7,13.85,4.94, ,0.15,,,,
PR_006,5,2.8,13.36,4.79, ,0.15,,,,
PR_006,5,2.9,12.91,4.65, ,0.15,,,,
PR_006,5,3.0,12.49,4.52, ,0.15,,,,
PR_006,5,3.1,12.10,4.40, ,0.15,,,,
PR_006,5.5,0.8,56.13,18.88, ,0.15,,,,
PR_006,5.5,0.9,49.91,16.81, ,0.15,,,,
PR_006,5.5,1.0,44.92,15.15, ,0.15,,,,
PR_006,5.5,1.1,40.85,13.80, ,0.15,,,,
PR_006,5.5,1.2,37.45,12.67, ,0.15,,,,
PR_006,5.5,1.3,34.58,11.72, ,0.15,,,,
PR_006,5.5,1.4,32.12,10.91, ,0.15,,,,
PR_006,5.5,1.5,29.98,10.20, ,0.15,,,,
PR_006,5.5,1.6,28.12,9.59, ,0.15,,,,
PR_006,5.5,1.7,26.47,9.05, ,0.15,,,,
PR_006,5.5,1.8,25.01,8.57, ,0.15,,,,
PR_006,5.5,1.9,23.70,8.15, ,0.15,,,,
PR_006,5.5,2.0,22.52,7.76, ,0.15,,,,
PR_006,5.5,2.1,21.46,7.42, ,0.15,,,,
PR_006,5.5,2.2,20.49,7.11, ,0.15,,,,
PR_006,5.5,2.3,19.61,6.82, ,0.15,,,,
PR_006,5.5,2.4,18.80,6.56, ,0.15,,,,
PR_006,5.5,2.5,18.06,6.32, ,0.15,,,,
PR_006,5.5,2.6,17.37,6.11, ,0.15,,,,
PR_006,5.5,2.7,16.74,5.90, ,0.15,,,,
PR_006,5.5,2.8,16.15,5.72, ,0.15,,,,
PR_006,5.5,2.9,15.60,5.55, ,0.15,,,,
PR_006,5.5,3.0,15.09,5.39, ,0.15,,,,
PR_006,5.5,3.1,14.61,5.24, ,0.15,,,,
PR_006,6,0.8,66.80,22.45, ,0.15,,,,
PR_006,6,0.9,59.38,19.98, ,0.15,,,,
PR_006,6,1.0,53.45,18.01, ,0.15,,,,
PR_006,6,1.1,48.60,16.39, ,0.15,,,,
PR_006,6,1.2,44.56,15.05, ,0.15,,,,
PR_006,6,1.3,41.14,13.92, ,0.15,,,,
PR_006,6,1.4,38.21,12.95, ,0.15,,,,
PR_006,6,1.5,35.67,12.11, ,0.15,,,,
PR_006,6,1.6,33.45,11.38, ,0.15,,,,
PR_006,6,1.7,31.49,10.73, ,0.15,,,,
PR_006,6,1.8,29.75,10.16, ,0.15,,,,
PR_006,6,1.9,28.19,9.65, ,0.15,,,,
PR_006,6,2.0,26.79,9.19, ,0.15,,,,
PR_006,6,2.1,25.52,8.78, ,0.15,,,,
PR_006,6,2.2,24.37,8.40, ,0.15,,,,
PR_006,6,2.3,23.32,8.06, ,0.15,,,,
PR_006,6,2.4,22.36,7.75, ,0.15,,,,
PR_006,6,2.5,21.47,7.47, ,0.15,,,,
PR_006,6,2.6,20.65,7.20, ,0.15,,,,
PR_006,6,2.7,19.90,6.96, ,0.15,,,,
PR_006,6,2.8,19.19,6.74, ,0.15,,,,
PR_006,6,2.9,18.54,6.53, ,0.15,,,,
PR_006,6,3.0,17.93,6.34, ,0.15,,,,
PR_006,6,3.1,17.36,6.16, ,0.15,,,,
PR_006,6.5,0.8,78.39,26.33, ,0.15,,,,
PR_006,6.5,0.9,69.69,23.43, ,0.15,,,,
PR_006,6.5,1.0,62.73,21.11, ,0.15,,,,
PR_006,6.5,1.1,57.03,19.21, ,0.15,,,,
PR_006,6.5,1.2,52.29,17.64, ,0.15,,,,
PR_006,6.5,1.3,48.27,16.31, ,0.15,,,,
PR_006,6.5,1.4,44.83,15.16, ,0.15,,,,
PR_006,6.5,1.5,41.85,14.18, ,0.15,,,,
PR_006,6.5,1.6,39.25,13.32, ,0.15,,,,
PR_006,6.5,1.7,36.94,12.56, ,0.15,,,,
PR_006,6.5,1.8,34.90,11.88, ,0.15,,,,
PR_006,6.5,1.9,33.07,11.28, ,0.15,,,,
PR_006,6.5,2.0,31.43,10.74, ,0.15,,,,
PR_006,6.5,2.1,29.94,10.26, ,0.15,,,,
PR_006,6.5,2.2,28.59,9.82, ,0.15,,,,
PR_006,6.5,2.3,27.35,9.41, ,0.15,,,,
PR_006,6.5,2.4,26.22,9.05, ,0.15,,,,
PR_006,6.5,2.5,25.18,8.71, ,0.15,,,,
PR_006,6.5,2.6,24.22,8.40, ,0.15,,,,
PR_006,6.5,2.7,23.33,8.11, ,0.15,,,,
PR_006,6.5,2.8,22.51,7.85, ,0.15,,,,
PR_006,6.5,2.9,21.74,7.60, ,0.15,,,,
PR_006,6.5,3.0,21.02,7.37, ,0.15,,,,
PR_006,6.5,3.1,20.35,7.16, ,0.15,,,,
PR_006,7,0.8,90.91,30.52, ,0.15,,,,
PR_006,7,0.9,80.81,27.15, ,0.15,,,,
PR_006,7,1.0,72.74,24.46, ,0.15,,,,
PR_006,7,1.1,66.14,22.26, ,0.15,,,,
PR_006,7,1.2,60.63,20.43, ,0.15,,,,
PR_006,7,1.3,55.98,18.88, ,0.15,,,,
PR_006,7,1.4,51.99,17.56, ,0.15,,,,
PR_006,7,1.5,48.53,16.41, ,0.15,,,,
PR_006,7,1.6,45.50,15.41, ,0.15,,,,
PR_006,7,1.7,42.84,14.53, ,0.15,,,,
PR_006,7,1.8,40.46,13.75, ,0.15,,,,
PR_006,7,1.9,38.34,13.05, ,0.15,,,,
PR_006,7,2.0,36.43,12.42, ,0.15,,,,
PR_006,7,2.1,34.71,11.85, ,0.15,,,,
PR_006,7,2.2,33.14,11.34, ,0.15,,,,
PR_006,7,2.3,31.71,10.87, ,0.15,,,,
PR_006,7,2.4,30.39,10.44, ,0.15,,,,
PR_006,7,2.5,29.19,10.05, ,0.15,,,,
PR_006,7,2.6,28.07,9.69, ,0.15,,,,
PR_006,7,2.7,27.04,9.35, ,0.15,,,,
PR_006,7,2.8,26.08,9.04, ,0.15,,,,
PR_006,7,2.9,25.19,8.76, ,0.15,,,,
PR_006,7,3.0,24.36,8.49, ,0.15,,,,
PR_006,7,3.1,23.58,8.24, ,0.15,,,,
PR_006,7.5,0.8,104.35,35.02, ,0.15,,,,
PR_006,7.5,0.9,92.77,31.15, ,0.15,,,,
PR_006,7.5,1.0,83.50,28.06, ,0.15,,,,
PR_006,7.5,1.1,75.92,25.54, ,0.15,,,,
PR_006,7.5,1.2,69.60,23.43, ,0.15,,,,
PR_006,7.5,1.3,64.25,21.65, ,0.15,,,,
PR_006,7.5,1.4,59.67,20.13, ,0.15,,,,
PR_006,7.5,1.5,55.70,18.81, ,0.15,,,,
PR_006,7.5,1.6,52.23,17.66, ,0.15,,,,
PR_006,7.5,1.7,49.16,16.65, ,0.15,,,,
PR_006,7.5,1.8,46.44,15.75, ,0.15,,,,
PR_006,7.5,1.9,44.00,14.94, ,0.15,,,,
PR_006,7.5,2.0,41.81,14.22, ,0.15,,,,
PR_006,7.5,2.1,39.83,13.57, ,0.15,,,,
PR_006,7.5,2.2,38.03,12.98, ,0.15,,,,
PR_006,7.5,2.3,36.38,12.44, ,0.15,,,,
PR_006,7.5,2.4,34.87,11.94, ,0.15,,,,
PR_006,7.5,2.5,33.49,11.49, ,0.15,,,,
PR_006,7.5,2.6,32.21,11.07, ,0.15,,,,
PR_006,7.5,2.7,31.02,10.69, ,0.15,,,,
PR_006,7.5,2.8,29.92,10.33, ,0.15,,,,
PR_006,7.5,2.9,28.90,10.00, ,0.15,,,,
PR_006,7.5,3.0,27.94,9.69, ,0.15,,,,
PR_006,7.5,3.1,27.05,9.40, ,0.15,,,,
PR_006,8,0.8,118.73,39.83, ,0.15,,,,
PR_006,8,0.9,105.54,35.43, ,0.15,,,,
PR_006,8,1.0,95.00,31.91, ,0.15,,,,
PR_006,8,1.1,86.37,29.04, ,0.15,,,,
PR_006,8,1.2,79.18,26.64, ,0.15,,,,
PR_006,8,1.3,73.10,24.61, ,0.15,,,,
PR_006,8,1.4,67.88,22.88, ,0.15,,,,
PR_006,8,1.5,63.37,21.38, ,0.15,,,,
PR_006,8,1.6,59.41,20.07, ,0.15,,,,
PR_006,8,1.7,55.93,18.91, ,0.15,,,,
PR_006,8,1.8,52.83,17.89, ,0.15,,,,
PR_006,8,1.9,50.06,16.97, ,0.15,,,,
PR_006,8,2.0,47.56,16.14, ,0.15,,,,
PR_006,8,2.1,45.30,15.40, ,0.15,,,,
PR_006,8,2.2,43.25,14.73, ,0.15,,,,
PR_006,8,2.3,41.38,14.11, ,0.15,,,,
PR_006,8,2.4,39.67,13.55, ,0.15,,,,
PR_006,8,2.5,38.09,13.03, ,0.15,,,,
PR_006,8,2.6,36.63,12.55, ,0.15,,,,
PR_006,8,2.7,35.28,12.11, ,0.15,,,,
PR_006,8,2.8,34.03,11.70, ,0.15,,,,
PR_006,8,2.9,32.87,11.33, ,0.15,,,,
PR_006,8,3.0,31.78,10.97, ,0.15,,,,
PR_006,8,3.1,30.76,10.64, ,0.15,,,,
PR_006,8.5,0.8,134.03,44.96, ,0.15,,,,
PR_006,8.5,0.9,119.14,39.98, ,0.15,,,,
PR_006,8.5,1.0,107.24,36.01, ,0.15,,,,
PR_006,8.5,1.1,97.50,32.76, ,0.15,,,,
PR_006,8.5,1.2,89.38,30.05, ,0.15,,,,
PR_006,8.5,1.3,82.51,27.77, ,0.15,,,,
PR_006,8.5,1.4,76.63,25.81, ,0.15,,,,
PR_006,8.5,1.5,71.53,24.11, ,0.15,,,,
PR_006,8.5,1.6,67.06,22.63, ,0.15,,,,
PR_006,8.5,1.7,63.13,21.32, ,0.15,,,,
PR_006,8.5,1.8,59.63,20.16, ,0.15,,,,
PR_006,8.5,1.9,56.50,19.13, ,0.15,,,,
PR_006,8.5,2.0,53.68,18.19, ,0.15,,,,
PR_006,8.5,2.1,51.13,17.35, ,0.15,,,,
PR_006,8.5,2.2,48.82,16.59, ,0.15,,,,
PR_006,8.5,2.3,46.70,15.89, ,0.15,,,,
PR_006,8.5,2.4,44.77,15.25, ,0.15,,,,
PR_006,8.5,2.5,42.98,14.67, ,0.15,,,,
PR_006,8.5,2.6,41.34,14.13, ,0.15,,,,
PR_006,8.5,2.7,39.82,13.63, ,0.15,,,,
PR_006,8.5,2.8,38.40,13.17, ,0.15,,,,
PR_006,8.5,2.9,37.09,12.74, ,0.15,,,,
PR_006,8.5,3.0,35.86,12.34, ,0.15,,,,
PR_006,8.5,3.1,34.71,11.97, ,0.15,,,,
PR_006,9,0.8,150.25,50.39, ,0.15,,,,
PR_006,9,0.9,133.57,44.81, ,0.15,,,,
PR_006,9,1.0,120.22,40.36, ,0.15,,,,
PR_006,9,1.1,109.30,36.71, ,0.15,,,,
PR_006,9,1.2,100.20,33.68, ,0.15,,,,
PR_006,9,1.3,92.50,31.11, ,0.15,,,,
PR_006,9,1.4,85.90,28.91, ,0.15,,,,
PR_006,9,1.5,80.18,27.01, ,0.15,,,,
PR_006,9,1.6,75.18,25.35, ,0.15,,,,
PR_006,9,1.7,70.76,23.88, ,0.15,,,,
PR_006,9,1.8,66.84,22.58, ,0.15,,,,
PR_006,9,1.9,63.33,21.41, ,0.15,,,,
PR_006,9,2.0,60.17,20.37, ,0.15,,,,
PR_006,9,2.1,57.32,19.42, ,0.15,,,,
PR_006,9,2.2,54.72,18.56, ,0.15,,,,
PR_006,9,2.3,52.35,17.78, ,0.15,,,,
PR_006,9,2.4,50.17,17.06, ,0.15,,,,
PR_006,9,2.5,48.18,16.41, ,0.15,,,,
PR_006,9,2.6,46.33,15.80, ,0.15,,,,
PR_006,9,2.7,44.62,15.24, ,0.15,,,,
PR_006,9,2.8,43.04,14.72, ,0.15,,,,
PR_006,9,2.9,41.56,14.24, ,0.15,,,,
PR_006,9,3.0,40.19,13.79, ,0.15,,,,
PR_006,9,3.1,38.90,13.37, ,0.15,,,,
PR_006,9.5,0.8,167.41,56.13, ,0.15,,,,
PR_006,9.5,0.9,148.82,49.92, ,0.15,,,,
PR_006,9.5,1.0,133.94,44.95, ,0.15,,,,
PR_006,9.5,1.1,121.77,40.89, ,0.15,,,,
PR_006,9.5,1.2,111.63,37.50, ,0.15,,,,
PR_006,9.5,1.3,103.05,34.64, ,0.15,,,,
PR_006,9.5,1.4,95.70,32.19, ,0.15,,,,
PR_006,9.5,1.5,89.33,30.07, ,0.15,,,,
PR_006,9.5,1.6,83.76,28.22, ,0.15,,,,
PR_006,9.5,1.7,78.84,26.58, ,0.15,,,,
PR_006,9.5,1.8,74.46,25.13, ,0.15,,,,
PR_006,9.5,1.9,70.55,23.83, ,0.15,,,,
PR_006,9.5,2.0,67.03,22.66, ,0.15,,,,
PR_006,9.5,2.1,63.85,21.61, ,0.15,,,,
PR_006,9.5,2.2,60.96,20.65, ,0.15,,,,
PR_006,9.5,2.3,58.31,19.78, ,0.15,,,,
PR_006,9.5,2.4,55.89,18.98, ,0.15,,,,
PR_006,9.5,2.5,53.67,18.24, ,0.15,,,,
PR_006,9.5,2.6,51.61,17.57, ,0.15,,,,
PR_006,9.5,2.7,49.71,16.94, ,0.15,,,,
PR_006,9.5,2.8,47.94,16.36, ,0.15,,,,
PR_006,9.5,2.9,46.29,15.82, ,0.15,,,,
PR_006,9.5,3.0,44.76,15.32, ,0.15,,,,
PR_006,9.5,3.1,43.32,14.85, ,0.15,,,,
PR_006,10,0.8,185.49,62.18, ,0.15,,,,
PR_006,10,0.9,164.89,55.30, ,0.15,,,,
PR_006,10,1.0,148.41,49.79, ,0.15,,,,
PR_006,10,1.1,134.92,45.29, ,0.15,,,,
PR_006,10,1.2,123.69,41.54, ,0.15,,,,
PR_006,10,1.3,114.18,38.37, ,0.15,,,,
PR_006,10,1.4,106.03,35.65, ,0.15,,,,
PR_006,10,1.5,98.97,33.30, ,0.15,,,,
PR_006,10,1.6,92.80,31.24, ,0.15,,,,
PR_006,10,1.7,87.35,29.43, ,0.15,,,,
PR_006,10,1.8,82.50,27.82, ,0.15,,,,
PR_006,10,1.9,78.17,26.38, ,0.15,,,,
PR_006,10,2.0,74.27,25.08, ,0.15,,,,
PR_006,10,2.1,70.74,23.92, ,0.15,,,,
PR_006,10,2.2,67.53,22.85, ,0.15,,,,
PR_006,10,2.3,64.60,21.88, ,0.15,,,,
PR_006,10,2.4,61.92,21.00, ,0.15,,,,
PR_006,10,2.5,59.45,20.18, ,0.15,,,,
PR_006,10,2.6,57.17,19.43, ,0.15,,,,
PR_006,10,2.7,55.06,18.73, ,0.15,,,,
PR_006,10,2.8,53.11,18.09, ,0.15,,,,
PR_006,10,2.9,51.28,17.49, ,0.15,,,,
PR_006,10,3.0,49.58,16.93, ,0.15,,,,
PR_006,10,3.1,47.99,16.41, ,0.15,,,,
